1100,67,7,10.4
1202,45,4,8.9
1203,30,6,20
1204,28,5,17.9
1205,35,1,2.9
1206,38,7,18.4
1207,27,5,18.5
1208,43,3,7
1209,26,4,15.4
1210,26,1,3.8
1211,,,
1212,27,2,7.4
1213,40,4,10
1214,31,3,9.7
1215,25,2,8
1216,22,1,4.5
1217,33,2,6.1
1218,22,2,9.1
1219,31,3,9.7
1220,23,0,0
1221,39,3,7.7
1222,19,1,5.3
1223,23,1,4.3
1224,36,3,8.3
1225,25,2,8
1226,24,1,4.2
1227,15,1,6.7
1228,24,1,4.2
1229,32,1,3.1
1230,29,1,3.4
1231,32,2,6.3
1233,22,0,0
1234,27,3,11.1
1235,28,6,21.4
1236,31,1,3.2
1303,23,1,4.3
1304,14,0,0
1331,19,0,0
1332,19,0,0
1333,37,0,0
1334,18,0,0
1337,19,0,0
1343,5,0,0
1345,14,0,0
1346,27,0,0
1347,18,0,0
1361,17,1,5.9
1362,18,0,0
1363,15,0,0
1364,19,1,5.3
1367,19,2,10.5
1370,10,1,10
1371,35,3,8.6
1391,23,0,0
1392,21,2,9.5
1393,25,1,4
1394,30,1,3.3
1395,7,1,14.3
1396,,,
1397,13,1,7.7
1398,11,0,0
1399,6,0,0
1400,29,2,6.9
1401,24,1,4.2
1402,25,2,8
1403,24,2,8.3
1404,20,1,5
1405,,,
1406,16,1,6.3
1407,21,1,4.8
1408,20,1,5
1409,8,0,0
1423,21,0,0
1424,22,1,4.5
1425,18,0,0
1427,21,1,4.8
1428,30,0,0
1429,24,1,4.2
1430,31,3,9.7
1431,21,0,0
1432,29,1,3.4
1433,23,0,0
1434,,,
1436,,,
1437,20,0,0
1438,,,
1452,,,
1453,,,
1454,24,1,4.2
1455,15,0,0
1456,23,0,0
1457,27,0,0
1458,26,0,0
1459,24,1,4.2
1460,25,3,12
1461,24,3,12.5
1462,20,1,5
1463,0,0,0
1464,19,1,5.3
1465,14,0,0
1468,,,
1469,23,0,0
1470,20,0,0
1471,20,0,0
1472,17,0,0
1481,17,0,0
1482,17,0,0
1483,,,
1484,28,0,0
1485,14,0,0
1486,,,
1487,22,0,0
1511,17,1,5.9
1512,23,0,0
1513,11,0,0
1514,22,1,4.5
1516,21,0,0
1517,0,0,0
1518,26,1,3.8
1519,,,
1520,18,0,0
1543,27,2,7.4
1544,19,2,10.5
1545,11,0,0
1546,16,1,6.3
1547,19,0,0
1549,18,1,5.6
1550,5,0,0
1552,20,1,5
1555,17,1,5.9
1559,,,
1560,35,3,8.6
1561,28,2,7.1
1562,23,1,4.3
1563,15,2,13.3
1564,,,
1571,,,
1575,17,0,0
1578,28,3,10.7
1581,,,
1584,25,3,12
1585,17,0,0
1586,27,1,3.7
1601,42,2,4.8
1602,,,
1604,19,1,5.3
1607,22,1,4.5
1608,27,2,7.4
1609,16,1,6.3
1610,26,2,7.7
1631,33,5,15.2
1632,24,3,12.5
1633,17,1,5.9
1634,17,0,0
1635,23,1,4.3
1636,22,3,13.6
1637,27,5,18.5
1638,20,3,15
1639,11,0,0
1641,23,3,13
1642,24,0,0
1643,32,6,18.8
1644,27,0,0
1645,22,2,9.1
1646,19,0,0
1647,24,1,4.2
1648,15,0,0
1649,17,0,0
1661,27,1,3.7
1662,23,0,0
1663,22,4,18.2
1664,16,2,12.5
1665,21,1,4.8
1667,18,0,0
1668,,,
1691,17,0,0
1692,19,0,0
1693,17,1,5.9
1694,20,0,0
2201,34,4,11.8
2202,34,4,11.8
2203,35,3,8.6
2204,20,1,5
2205,29,4,13.8
2206,18,2,11.1
2207,31,2,6.5
2208,25,9,36
2209,19,0,0
2210,20,1,5
2301,17,1,5.9
2303,19,0,0
2304,19,2,10.5
2307,17,1,5.9
2321,15,0,0
2323,13,0,0
2343,10,0,0
2361,11,0,0
2362,10,0,0
2367,11,0,0
2381,19,0,0
2384,,,
2387,0,0,0
2401,20,1,5
2402,19,0,0
2405,17,0,0
2406,16,0,0
2408,19,1,5.3
2411,20,1,5
2412,17,2,11.8
2423,16,0,0
2424,19,2,10.5
2425,17,0,0
2426,,,
2441,14,1,7.1
2442,21,3,14.3
2443,,,
2445,20,2,10
2446,19,0,0
2450,18,2,11.1
3201,53,15,28.3
3202,43,4,9.3
3203,41,6,14.6
3205,35,7,20
3206,40,6,15
3207,32,5,15.6
3208,30,6,20
3209,34,12,35.3
3210,25,3,12
3211,38,14,36.8
3213,34,5,14.7
3214,32,5,15.6
3215,47,6,12.8
3216,33,5,15.2
3301,37,4,10.8
3302,20,1,5
3303,20,2,10
3321,38,4,10.5
3322,53,8,15.1
3366,35,5,14.3
3381,36,6,16.7
3402,26,2,7.7
3441,24,2,8.3
3461,33,6,18.2
3482,32,3,9.4
3483,33,5,15.2
3484,24,5,20.8
3485,30,2,6.7
3501,27,3,11.1
3503,27,6,22.2
3506,28,2,7.1
3507,35,2,5.7
3524,29,2,6.9
4100,42,7,16.7
4202,64,14,21.9
4203,31,4,12.9
4205,45,13,28.9
4206,33,3,9.1
4207,41,13,31.7
4208,30,4,13.3
4209,29,2,6.9
4211,34,8,23.5
4212,34,2,5.9
4213,48,2,4.2
4214,36,6,16.7
4215,55,4,7.3
4216,27,8,29.6
4301,15,3,20
4302,18,0,0
4321,20,1,5
4322,18,0,0
4323,,,
4324,20,3,15
4341,,,
4361,29,5,17.2
4362,30,4,13.3
4401,17,0,0
4404,19,3,15.8
4406,19,3,15.8
4421,23,1,4.3
4422,19,2,10.5
4424,14,1,7.1
4444,,,
4445,26,3,11.5
4501,23,0,0
4505,24,5,20.8
4581,21,1,4.8
4606,24,3,12.5
5201,51,7,13.7
5202,39,8,20.5
5203,49,9,18.4
5204,45,3,6.7
5206,27,3,11.1
5207,35,11,31.4
5209,27,5,18.5
5210,38,3,7.9
5211,,,
5212,30,5,16.7
5213,29,3,10.3
5214,29,5,17.2
5215,30,0,0
5303,26,1,3.8
5327,,,
5346,23,1,4.3
5348,20,2,10
5349,19,2,10.5
5361,,,
5363,13,0,0
5366,14,0,0
5368,22,2,9.1
5434,20,1,5
5463,22,1,4.5
5464,25,1,4
6201,53,7,13.2
6202,37,8,21.6
6203,57,9,15.8
6204,49,9,18.4
6205,26,3,11.5
6206,34,2,5.9
6207,35,1,2.9
6208,34,3,8.8
6209,27,4,14.8
6210,38,3,7.9
6211,44,3,6.8
6212,35,3,8.6
6213,19,1,5.3
6301,29,3,10.3
6302,23,3,13
6321,20,0,0
6322,20,0,0
6323,22,0,0
6324,25,1,4
6341,18,2,11.1
6361,20,1,5
6362,31,4,12.9
6363,37,0,0
6364,32,2,6.3
6365,30,4,13.3
6366,29,2,6.9
6367,,,
6381,16,2,12.5
6382,19,2,10.5
6401,34,4,11.8
6402,23,2,8.7
6403,15,1,6.7
6426,27,1,3.7
6428,31,4,12.9
6461,28,4,14.3
7201,34,7,20.6
7202,51,8,15.7
7203,49,7,14.3
7204,38,8,21.1
7205,30,0,0
7207,28,0,0
7208,,,
7209,34,4,11.8
7210,29,6,20.7
7211,24,0,0
7212,31,4,12.9
7213,26,3,11.5
7214,22,4,18.2
7301,28,1,3.6
7303,20,1,5
7308,20,0,0
7322,16,0,0
7342,14,0,0
7344,19,0,0
7362,22,1,4.5
7364,12,0,0
7367,,,
7368,13,0,0
7402,24,0,0
7405,20,2,10
7407,,,
7408,20,1,5
7421,34,3,8.8
7422,,,
7423,,,
7444,20,0,0
7445,20,0,0
7446,15,1,6.7
7447,25,4,16
7461,18,0,0
7464,9,0,0
7465,13,0,0
7466,19,2,10.5
7481,20,2,10
7482,14,0,0
7483,,,
7484,,,
7501,27,0,0
7502,24,1,4.2
7503,,,
7504,8,1,12.5
7505,25,2,8
7521,49,4,8.2
7522,32,1,3.1
7541,26,0,0
7542,35,2,5.7
7543,31,0,0
7544,27,1,3.7
7545,29,2,6.9
7546,34,0,0
7547,43,4,9.3
7548,27,0,0
7561,,,
7564,23,1,4.3
8201,42,5,11.9
8202,45,2,4.4
8203,45,9,20
8204,44,3,6.8
8205,31,4,12.9
8207,28,3,10.7
8208,39,5,12.8
8210,35,4,11.4
8211,30,7,23.3
8212,19,1,5.3
8214,25,2,8
8215,29,5,17.2
8216,31,5,16.1
8217,41,2,4.9
8219,33,5,15.2
8220,35,3,8.6
8221,29,4,13.8
8222,30,3,10
8223,22,2,9.1
8224,30,6,20
8225,20,2,10
8226,22,2,9.1
8227,29,5,17.2
8228,39,9,23.1
8229,35,7,20
8230,29,6,20.7
8231,29,1,3.4
8232,38,1,2.6
8233,20,3,15
8234,28,2,7.1
8235,33,7,21.2
8236,30,3,10
8302,19,5,26.3
8309,32,1,3.1
8310,14,1,7.1
8341,21,0,0
8364,24,1,4.2
8442,25,4,16
8443,32,4,12.5
8447,23,0,0
8521,30,1,3.3
8542,27,4,14.8
8546,30,2,6.7
8564,34,1,2.9
9201,45,4,8.9
9202,40,4,10
9203,41,7,17.1
9204,46,11,23.9
9205,38,6,15.8
9206,45,9,20
9208,39,8,20.5
9209,27,1,3.7
9210,42,2,4.8
9211,20,1,5
9213,,,
9214,19,3,15.8
9215,10,0,0
9216,,,
9301,29,2,6.9
9342,24,4,16.7
9343,24,1,4.2
9344,21,1,4.8
9345,30,5,16.7
9361,21,1,4.8
9364,22,3,13.6
9384,27,6,22.2
9386,,,
9407,16,0,0
9411,11,0,0
10201,30,6,20
10202,39,5,12.8
10203,34,7,20.6
10204,60,10,16.7
10205,44,7,15.9
10206,35,6,17.1
10207,37,7,18.9
10208,48,8,16.7
10209,48,4,8.3
10210,50,4,8
10211,36,9,25
10212,22,2,9.1
10344,25,2,8
10345,15,1,6.7
10366,20,2,10
10367,22,1,4.5
10382,30,1,3.3
10383,28,4,14.3
10384,38,3,7.9
10421,29,5,17.2
10424,28,0,0
10425,33,4,12.1
10426,24,0,0
10428,19,0,0
10429,25,1,4
10443,19,0,0
10444,20,1,5
10448,18,0,0
10449,29,2,6.9
10464,32,3,9.4
10521,37,3,8.1
10522,25,3,12
10523,28,1,3.6
10524,28,4,14.3
10525,28,9,32.1
11100,80,8,10
11201,41,6,14.6
11202,49,6,12.2
11203,61,5,8.2
11206,35,3,8.6
11207,48,4,8.3
11208,47,4,8.5
11209,52,3,5.8
11210,54,8,14.8
11211,37,3,8.1
11212,32,3,9.4
11214,33,3,9.1
11215,37,5,13.5
11216,28,6,21.4
11217,38,4,10.5
11218,50,3,6
11219,32,2,6.3
11221,35,6,17.1
11222,39,6,15.4
11223,34,6,17.6
11224,34,4,11.8
11225,37,10,27
11227,38,3,7.9
11228,34,3,8.8
11229,32,7,21.9
11230,43,10,23.3
11231,27,1,3.7
11232,42,7,16.7
11233,41,6,14.6
11234,36,11,30.6
11235,31,2,6.5
11237,36,5,13.9
11238,21,2,9.5
11239,31,1,3.2
11240,35,2,5.7
11241,29,4,13.8
11242,29,3,10.3
11243,34,6,17.6
11245,32,5,15.6
11246,32,2,6.3
11301,25,3,12
11324,26,4,15.4
11326,30,3,10
11327,30,0,0
11341,25,2,8
11342,24,9,37.5
11343,29,2,6.9
11346,,,
11347,,,
11348,27,0,0
11349,35,4,11.4
11361,27,2,7.4
11362,22,2,9.1
11363,28,3,10.7
11365,30,0,0
11369,19,0,0
11381,20,4,20
11383,,,
11385,17,4,23.5
11408,34,3,8.8
11442,36,4,11.1
11464,37,6,16.2
11465,23,4,17.4
12100,72,9,12.5
12202,24,2,8.3
12203,52,7,13.5
12204,43,5,11.6
12205,33,5,15.2
12206,33,5,15.2
12207,44,8,18.2
12208,35,9,25.7
12210,29,3,10.3
12211,45,8,17.8
12212,37,9,24.3
12213,28,4,14.3
12215,27,4,14.8
12216,41,4,9.8
12217,35,0,0
12218,13,3,23.1
12219,37,5,13.5
12220,31,9,29
12221,31,2,6.5
12222,39,3,7.7
12223,14,1,7.1
12224,28,2,7.1
12225,33,6,18.2
12226,27,2,7.4
12227,27,5,18.5
12228,31,2,6.5
12229,29,2,6.9
12230,31,5,16.1
12231,39,5,12.8
12232,30,2,6.7
12233,33,7,21.2
12234,29,1,3.4
12235,28,1,3.6
12236,33,5,15.2
12237,33,13,39.4
12238,16,4,25
12239,29,5,17.2
12322,33,4,12.1
12329,22,2,9.1
12342,7,0,0
12347,25,5,20
12349,20,2,10
12403,18,1,5.6
12409,32,0,0
12410,27,3,11.1
12421,24,4,16.7
12422,23,2,8.7
12423,23,3,13
12424,22,2,9.1
12426,,,
12427,29,5,17.2
12441,18,2,11.1
12443,17,2,11.8
12463,20,2,10
13101,46,3,6.5
13102,60,8,13.3
13103,67,12,17.9
13104,45,1,2.2
13105,51,7,13.7
13106,48,4,8.3
13107,48,5,10.4
13108,52,10,19.2
13109,50,6,12
13110,30,7,23.3
13111,56,8,14.3
13112,53,9,17
13113,44,9,20.5
13114,44,3,6.8
13115,33,4,12.1
13116,59,18,30.5
13117,,,
13118,48,7,14.6
13119,53,6,11.3
13120,47,6,12.8
13121,65,6,9.2
13122,50,8,16
13123,86,21,24.4
13201,48,10,20.8
13202,43,6,14
13203,27,3,11.1
13204,39,8,20.5
13205,35,4,11.4
13206,29,4,13.8
13207,37,4,10.8
13208,33,4,12.1
13209,35,4,11.4
13210,29,8,27.6
13211,32,6,18.8
13212,26,6,23.1
13213,34,7,20.6
13214,31,3,9.7
13215,24,4,16.7
13218,29,3,10.3
13219,28,9,32.1
13220,25,2,8
13221,24,6,25
13222,21,3,14.3
13223,29,10,34.5
13224,25,3,12
13225,17,3,17.6
13227,27,3,11.1
13228,35,3,8.6
13229,35,6,17.1
13303,29,3,10.3
13305,34,3,8.8
13307,,,
13308,25,3,12
13361,24,1,4.2
13362,5,0,0
13363,24,0,0
13364,19,1,5.3
13381,21,0,0
13382,3,0,0
13401,18,0,0
13402,0,0,0
13421,24,0,0
14100,58,8,13.8
14130,64,4,6.3
14150,44,5,11.4
14201,33,3,9.1
14203,34,2,5.9
14204,20,2,10
14205,39,4,10.3
14206,38,6,15.8
14207,44,5,11.4
14208,27,2,7.4
14210,35,4,11.4
14211,34,4,11.8
14212,32,2,6.3
14213,34,4,11.8
14214,27,6,22.2
14215,32,5,15.6
14216,31,4,12.9
14217,22,4,18.2
14218,34,1,2.9
14301,27,5,18.5
14321,21,2,9.5
14341,24,4,16.7
14342,23,1,4.3
14361,15,1,6.7
14362,21,4,19
14363,23,1,4.3
14364,16,1,6.3
14366,14,1,7.1
14382,24,2,8.3
14383,13,0,0
14384,25,5,20
14401,29,2,6.9
14402,,,
15100,64,18,28.1
15202,54,12,22.2
15204,37,4,10.8
15205,34,7,20.6
15206,32,4,12.5
15208,18,0,0
15209,27,4,14.8
15210,29,2,6.9
15211,33,4,12.1
15212,33,0,0
15213,41,8,19.5
15216,38,0,0
15217,25,7,28
15218,41,5,12.2
15222,37,1,2.7
15223,23,5,21.7
15224,29,2,6.9
15225,34,1,2.9
15226,22,0,0
15227,13,1,7.7
15307,27,7,25.9
15342,18,0,0
15361,24,0,0
15385,39,3,7.7
15405,20,1,5
15461,21,1,4.8
15482,11,0,0
15504,24,0,0
15581,26,0,0
15586,13,1,7.7
16201,44,2,4.5
16202,39,4,10.3
16204,30,2,6.7
16205,30,3,10
16206,29,3,10.3
16207,39,3,7.7
16208,39,2,5.1
16209,35,3,8.6
16210,31,5,16.1
16211,35,0,0
16321,6,0,0
16322,27,1,3.7
16323,23,7,30.4
16342,34,5,14.7
16343,44,7,15.9
17201,49,5,10.2
17202,50,6,12
17203,25,6,24
17204,26,1,3.8
17205,38,1,2.6
17206,20,4,20
17207,21,2,9.5
17209,20,3,15
17210,35,3,8.6
17211,17,2,11.8
17212,20,7,35
17324,17,2,11.8
17361,20,3,15
17365,20,2,10
17384,20,1,5
17386,24,2,8.3
17407,15,4,26.7
17461,12,3,25
17463,13,1,7.7
18201,54,6,11.1
18202,34,4,11.8
18204,29,6,20.7
18205,27,4,14.8
18206,32,6,18.8
18207,24,4,16.7
18208,19,3,15.8
18209,37,8,21.6
18210,28,3,10.7
18322,19,4,21.1
18382,22,2,9.1
18404,25,3,12
18423,24,3,12.5
18442,27,2,7.4
18481,19,3,15.8
18483,,,
18501,22,2,9.1
19201,40,5,12.5
19202,22,3,13.6
19204,19,5,26.3
19205,53,8,15.1
19206,,,
19207,25,8,32
19208,30,6,20
19209,39,3,7.7
19210,25,7,28
19211,26,2,7.7
19212,29,4,13.8
19213,30,3,10
19214,,,
19346,20,2,10
19364,,,
19365,23,1,4.3
19366,25,2,8
19368,,,
19384,31,5,16.1
19422,14,2,14.3
19423,31,2,6.5
19424,15,0,0
19425,22,3,13.6
19429,17,0,0
19430,36,13,36.1
19442,8,0,0
19443,7,0,0
20201,58,8,13.8
20202,53,8,15.1
20203,45,5,11.1
20204,30,5,16.7
20205,,,
20206,33,8,24.2
20207,35,5,14.3
20208,36,4,11.1
20209,35,2,5.7
20210,38,5,13.2
20211,37,3,8.1
20212,34,1,2.9
20213,27,6,22.2
20214,44,3,6.8
20215,32,8,25
20217,40,2,5
20218,29,3,10.3
20219,28,4,14.3
20220,38,9,23.7
20303,15,0,0
20304,29,0,0
20305,11,0,0
20306,11,1,9.1
20307,,,
20309,10,1,10
20321,40,5,12.5
20323,32,7,21.9
20324,21,0,0
20349,24,4,16.7
20350,32,4,12.5
20361,30,4,13.3
20362,28,2,7.1
20363,15,0,0
20382,31,5,16.1
20383,27,7,25.9
20384,39,6,15.4
20385,21,3,14.3
20386,19,0,0
20388,24,0,0
20402,38,2,5.3
20403,16,1,6.3
20404,18,1,5.6
20407,19,1,5.3
20409,10,1,10
20410,23,0,0
20411,14,1,7.1
20412,6,0,0
20413,21,0,0
20414,,,
20415,26,2,7.7
20416,14,2,14.3
20417,22,1,4.5
20422,28,0,0
20423,,,
20425,34,1,2.9
20429,14,0,0
20430,22,2,9.1
20432,24,0,0
20446,22,1,4.5
20448,22,1,4.5
20450,19,2,10.5
20451,30,4,13.3
20452,17,1,5.9
20481,24,4,16.7
20482,8,0,0
20485,12,0,0
20486,18,2,11.1
20521,21,2,9.5
20541,20,1,5
20543,14,1,7.1
20561,35,1,2.9
20562,14,0,0
20563,19,0,0
20583,15,2,13.3
20588,16,0,0
20590,26,3,11.5
20602,20,0,0
21201,56,4,7.1
21202,40,5,12.5
21203,25,4,16
21204,21,1,4.8
21205,29,2,6.9
21206,23,0,0
21207,12,0,0
21208,29,2,6.9
21209,19,6,31.6
21210,30,9,30
21211,18,2,11.1
21212,33,3,9.1
21213,32,4,12.5
21214,25,4,16
21215,28,3,10.7
21216,25,1,4
21217,28,1,3.6
21218,23,3,13
21219,29,6,20.7
21220,24,2,8.3
21221,24,3,12.5
21302,20,1,5
21303,14,0,0
21341,19,4,21.1
21361,20,1,5
21362,10,1,10
21381,11,0,0
21382,32,5,15.6
21383,12,0,0
21401,24,0,0
21403,10,2,20
21404,13,1,7.7
21421,19,3,15.8
21501,24,0,0
21502,15,1,6.7
21503,19,2,10.5
21504,22,0,0
21505,21,0,0
21506,26,1,3.8
21507,18,0,0
21521,18,2,11.1
21604,13,1,7.7
22100,44,5,11.4
22130,33,3,9.1
22203,45,8,17.8
22205,27,2,7.4
22206,35,4,11.4
22207,42,5,11.9
22208,46,8,17.4
22209,31,2,6.5
22210,39,7,17.9
22211,24,3,12.5
22212,31,2,6.5
22213,32,12,37.5
22214,47,3,6.4
22215,33,3,9.1
22216,21,2,9.5
22219,35,1,2.9
22220,29,2,6.9
22221,21,2,9.5
22222,25,0,0
22223,29,2,6.9
22224,28,1,3.6
22225,30,2,6.7
22226,34,0,0
22301,29,4,13.8
22302,19,1,5.3
22304,24,2,8.3
22305,17,0,0
22306,19,1,5.3
22325,20,1,5
22341,24,4,16.7
22342,24,1,4.2
22344,30,4,13.3
22424,29,5,17.2
22429,22,0,0
22461,20,3,15
23100,64,12,18.8
23201,34,2,5.9
23202,33,5,15.2
23203,39,2,5.1
23204,26,2,7.7
23205,23,1,4.3
23206,48,5,10.4
23207,39,6,15.4
23208,23,2,8.7
23209,33,2,6.1
23210,29,4,13.8
23211,38,3,7.9
23212,27,6,22.2
23213,36,2,5.6
23214,33,2,6.1
23215,34,3,8.8
23216,47,5,10.6
23217,27,5,18.5
23219,34,2,5.9
23220,38,3,7.9
23221,39,3,7.7
23222,28,5,17.9
23223,21,10,47.6
23224,25,5,20
23225,24,4,16.7
23226,25,6,24
23227,24,3,12.5
23228,22,3,13.6
23229,,,
23230,27,6,22.2
23231,25,2,8
23232,17,4,23.5
23233,21,2,9.5
23234,28,10,35.7
23235,17,4,23.5
23236,24,2,8.3
23237,23,4,17.4
23238,23,7,30.4
23302,28,1,3.6
23342,21,5,23.8
23361,24,1,4.2
23362,24,3,12.5
23424,22,6,27.3
23425,15,2,13.3
23427,17,2,11.8
23441,29,3,10.3
23442,30,3,10
23445,18,2,11.1
23446,20,2,10
23447,19,3,15.8
23501,19,3,15.8
23561,20,0,0
23562,16,1,6.3
23563,24,1,4.2
24201,42,8,19
24202,50,4,8
24203,33,6,18.2
24204,40,5,12.5
24205,43,6,14
24207,54,21,38.9
24208,41,7,17.1
24209,38,3,7.9
24210,24,1,4.2
24211,33,3,9.1
24212,28,2,7.1
24214,25,5,20
24215,30,3,10
24216,38,9,23.7
24303,22,3,13.6
24324,10,3,30
24341,22,2,9.1
24343,14,0,0
24344,20,2,10
24441,29,1,3.4
24442,39,3,7.7
24443,18,4,22.2
24461,21,1,4.8
24470,9,0,0
24471,28,2,7.1
24472,26,3,11.5
24543,58,4,6.9
24561,25,0,0
24562,27,3,11.1
25201,36,7,19.4
25202,31,2,6.5
25203,30,2,6.7
25204,34,2,5.9
25206,25,10,40
25207,,,
25208,,,
25209,46,5,10.9
25210,25,3,12
25211,27,3,11.1
25212,41,7,17.1
25213,42,4,9.5
25214,27,2,7.4
25383,19,1,5.3
25384,14,0,0
25425,18,3,16.7
25441,16,2,12.5
25442,15,0,0
25443,20,5,25
26100,54,13,24.1
26201,19,4,21.1
26202,22,1,4.5
26203,40,3,7.5
26204,42,3,7.1
26205,20,1,5
26206,39,4,10.3
26207,43,3,7
26208,22,3,13.6
26209,29,10,34.5
26210,37,3,8.1
26211,39,8,20.5
26212,24,5,20.8
26213,42,3,7.1
26214,38,8,21.1
26303,26,3,11.5
26322,25,4,16
26343,29,3,10.3
26344,20,2,10
26364,15,2,13.3
26365,20,3,15
26366,30,8,26.7
26367,18,3,16.7
26407,19,1,5.3
26463,19,0,0
26465,21,1,4.8
27100,46,13,28.3
27140,57,23,40.4
27202,29,2,6.9
27203,43,3,7
27204,40,3,7.5
27205,35,7,20
27206,34,4,11.8
27207,39,2,5.1
27208,41,6,14.6
27209,33,7,21.2
27210,39,5,12.8
27211,31,2,6.5
27212,55,5,9.1
27213,21,2,9.5
27214,34,7,20.6
27215,21,3,14.3
27216,25,2,8
27217,35,4,11.4
27218,33,3,9.1
27219,39,5,12.8
27220,26,1,3.8
27221,40,5,12.5
27222,24,1,4.2
27223,22,4,18.2
27224,31,4,12.9
27225,36,3,8.3
27226,28,3,10.7
27227,57,9,15.8
27228,33,3,9.1
27229,23,3,13
27230,28,3,10.7
27231,23,3,13
27232,37,3,8.1
27301,21,3,14.3
27321,27,0,0
27322,17,1,5.9
27341,28,3,10.7
27361,40,7,17.5
27362,23,2,8.7
27366,38,3,7.9
27381,19,2,10.5
27382,0,0,0
27383,19,1,5.3
28100,62,9,14.5
28201,55,12,21.8
28202,34,10,29.4
28203,30,6,20
28204,30,4,13.3
28205,,,
28206,32,6,18.8
28207,38,5,13.2
28208,0,0,0
28209,39,6,15.4
28210,28,3,10.7
28212,39,5,12.8
28213,32,4,12.5
28214,40,7,17.5
28215,27,9,33.3
28216,28,3,10.7
28217,40,4,10
28218,26,4,15.4
28219,25,7,28
28220,25,6,24
28221,26,10,38.5
28222,32,6,18.8
28223,25,3,12
28224,32,4,12.5
28225,27,2,7.4
28226,29,3,10.3
28227,,,
28228,36,4,11.1
28229,36,4,11.1
28301,18,0,0
28365,22,1,4.5
28381,26,0,0
28382,39,1,2.6
28442,19,1,5.3
28443,21,0,0
28446,20,0,0
28464,18,5,27.8
28481,20,1,5
28501,26,1,3.8
28585,23,1,4.3
28586,16,1,6.3
29201,34,11,32.4
29202,35,3,8.6
29203,24,1,4.2
29204,27,3,11.1
29205,26,4,15.4
29206,30,3,10
29207,41,5,12.2
29208,31,4,12.9
29209,31,6,19.4
29210,29,5,17.2
29211,25,3,12
29212,25,2,8
29322,18,1,5.6
29342,15,2,13.3
29343,19,1,5.3
29344,17,3,17.6
29345,18,3,16.7
29361,20,0,0
29362,9,0,0
29363,22,4,18.2
29385,9,0,0
29386,19,1,5.3
29401,10,1,10
29402,19,2,10.5
29424,30,7,23.3
29425,15,2,13.3
29426,29,5,17.2
29427,12,2,16.7
29441,11,1,9.1
29442,23,2,8.7
29443,19,0,0
29444,23,4,17.4
29446,15,0,0
29447,19,2,10.5
29449,30,0,0
29450,24,0,0
29451,21,0,0
29452,22,0,0
29453,21,1,4.8
30201,40,8,20
30202,25,6,24
30203,44,6,13.6
30204,14,1,7.1
30205,38,4,10.5
30206,38,7,18.4
30207,18,0,0
30208,29,6,20.7
30209,31,3,9.7
30304,30,3,10
30341,19,0,0
30343,19,1,5.3
30344,19,2,10.5
30361,18,3,16.7
30362,16,1,6.3
30366,6,0,0
30381,20,0,0
30382,17,1,5.9
30383,14,0,0
30390,25,3,12
30391,18,2,11.1
30392,14,0,0
30401,21,1,4.8
30404,17,3,17.6
30406,,,
30421,23,0,0
30422,14,0,0
30424,20,3,15
30427,,,
30428,17,0,0
31201,39,7,17.9
31202,28,4,14.3
31203,29,12,41.4
31204,28,2,7.1
31302,,,
31325,26,4,15.4
31328,16,2,12.5
31329,22,7,31.8
31364,16,1,6.3
31370,23,5,21.7
31371,24,10,41.7
31372,22,4,18.2
31384,11,0,0
31386,13,3,23.1
31389,10,0,0
31390,,,
31401,25,3,12
31402,14,2,14.3
31403,,,
32201,53,8,15.1
32202,38,10,26.3
32203,77,17,22.1
32204,48,8,16.7
32205,34,15,44.1
32206,25,7,28
32207,28,3,10.7
32209,33,5,15.2
32343,29,5,17.2
32386,11,1,9.1
32441,26,3,11.5
32448,33,2,6.1
32449,42,3,7.1
32501,29,3,10.3
32505,20,7,35
32525,16,3,18.8
32526,12,2,16.7
32527,12,1,8.3
32528,29,1,3.4
33100,51,21,41.2
33202,46,13,28.3
33203,34,2,5.9
33204,15,5,33.3
33205,22,7,31.8
33207,30,4,13.3
33208,24,2,8.3
33209,34,3,8.8
33210,33,3,9.1
33211,,,
33212,25,3,12
33213,14,1,7.1
33214,23,9,39.1
33215,,,
33216,21,3,14.3
33346,6,1,16.7
33423,22,4,18.2
33445,14,2,14.3
33461,27,1,3.7
33586,,,
33606,,,
33622,19,0,0
33623,23,0,0
33643,19,2,10.5
33663,7,1,14.3
33666,,,
33681,,,
34100,68,8,11.8
34202,55,6,10.9
34203,22,3,13.6
34204,46,3,6.5
34205,43,4,9.3
34207,59,17,28.8
34208,25,5,20
34209,39,7,17.9
34210,36,4,11.1
34211,21,2,9.5
34212,47,5,10.6
34213,49,7,14.3
34214,42,5,11.9
34215,29,1,3.4
34302,27,3,11.1
34304,26,3,11.5
34307,28,6,21.4
34309,30,2,6.7
34368,24,2,8.3
34369,36,3,8.3
34431,11,0,0
34462,29,4,13.8
34545,31,4,12.9
35201,32,6,18.8
35202,25,3,12
35203,50,3,6
35204,35,11,31.4
35206,37,7,18.9
35207,39,11,28.2
35208,48,3,6.3
35210,35,4,11.4
35211,12,5,41.7
35212,36,8,22.2
35213,20,2,10
35215,48,6,12.5
35216,34,4,11.8
35305,25,0,0
35321,28,1,3.6
35341,26,1,3.8
35343,27,1,3.7
35344,23,0,0
35502,19,0,0
36201,46,8,17.4
36202,41,10,24.4
36203,28,3,10.7
36204,32,9,28.1
36205,25,2,8
36206,37,2,5.4
36207,31,2,6.5
36208,36,2,5.6
36301,19,2,10.5
36302,8,1,12.5
36321,13,2,15.4
36341,17,3,17.6
36342,11,1,9.1
36368,11,0,0
36383,0,0,0
36387,30,2,6.7
36388,23,3,13
36401,28,3,10.7
36402,21,2,9.5
36403,15,3,20
36404,17,2,11.8
36405,19,2,10.5
36468,23,0,0
36489,29,2,6.9
37201,50,8,16
37202,28,12,42.9
37203,29,3,10.3
37204,23,1,4.3
37205,24,0,0
37206,34,9,26.5
37207,19,0,0
37208,15,5,33.3
37322,30,5,16.7
37324,29,6,20.7
37341,23,0,0
37364,15,2,13.3
37386,21,4,19
37387,25,3,12
37403,,,
37404,20,2,10
37406,25,1,4
38201,51,12,23.5
38202,29,4,13.8
38203,24,4,16.7
38204,25,1,4
38205,29,4,13.8
38206,31,3,9.7
38207,20,2,10
38210,19,2,10.5
38213,23,1,4.3
38214,34,4,11.8
38215,20,4,20
38356,18,2,11.1
38386,24,2,8.3
38401,19,6,31.6
38402,24,1,4.2
38422,19,0,0
38442,23,2,8.7
38484,10,0,0
38488,16,0,0
38506,25,3,12
39201,58,3,5.2
39202,25,4,16
39203,26,6,23.1
39204,30,4,13.3
39205,32,4,12.5
39206,29,3,10.3
39208,25,3,12
39209,24,3,12.5
39210,28,9,32.1
39211,39,3,7.7
39212,20,4,20
39301,12,0,0
39302,19,1,5.3
39303,17,0,0
39304,24,2,8.3
39305,13,1,7.7
39306,10,2,20
39307,15,0,0
39341,23,3,13
39344,13,2,15.4
39363,11,0,0
39364,17,1,5.9
39386,16,2,12.5
39387,26,2,7.7
39401,23,2,8.7
39402,20,5,25
39403,16,0,0
39405,29,1,3.4
39410,22,4,18.2
39411,17,2,11.8
39412,29,5,17.2
39424,28,6,21.4
39427,10,0,0
39428,29,8,27.6
40100,60,25,41.7
40130,48,6,12.5
40202,,,
40203,38,11,28.9
40204,31,4,12.9
40205,36,10,27.8
40206,28,2,7.1
40207,27,2,7.4
40210,26,7,26.9
40211,27,5,18.5
40212,,,
40213,26,5,19.2
40214,16,2,12.5
40215,30,4,13.3
40216,22,5,22.7
40217,23,2,8.7
40218,19,2,10.5
40219,30,9,30
40220,37,8,21.6
40221,2,0,0
40223,24,7,29.2
40224,27,4,14.8
40225,34,9,26.5
40226,,,
40227,25,9,36
40228,,,
40229,20,5,25
40230,45,11,24.4
40231,25,5,20
40341,17,3,17.6
40342,27,3,11.1
40343,27,9,33.3
40344,13,1,7.7
40345,,,
40348,,,
40349,19,6,31.6
40381,,,
40382,25,3,12
40383,17,3,17.6
40384,24,6,25
40401,25,3,12
40402,,,
40421,22,3,13.6
40447,14,1,7.1
40448,8,0,0
40503,19,1,5.3
40522,28,7,25
40544,22,1,4.5
40601,7,0,0
40602,8,1,12.5
40604,9,0,0
40605,9,1,11.1
40608,14,0,0
40609,,,
40610,15,1,6.7
40621,24,3,12.5
40625,15,1,6.7
40642,17,2,11.8
40646,12,0,0
40647,18,4,22.2
41201,45,8,17.8
41202,28,7,25
41203,28,4,14.3
41204,26,3,11.5
41205,28,4,14.3
41206,24,8,33.3
41207,25,9,36
41208,23,5,21.7
41209,26,4,15.4
41210,22,2,9.1
41327,,,
41341,19,3,15.8
41345,20,1,5
41346,21,2,9.5
41387,15,1,6.7
41401,19,3,15.8
41423,21,3,14.3
41424,22,4,18.2
41425,21,2,9.5
41441,16,0,0
42201,54,8,14.8
42202,50,3,6
42203,31,1,3.2
42204,37,6,16.2
42205,40,7,17.5
42207,37,3,8.1
42208,33,2,6.1
42209,33,0,0
42210,20,3,15
42211,37,2,5.4
42212,38,3,7.9
42213,39,3,7.7
42214,39,2,5.1
42307,23,4,17.4
42308,19,6,31.6
42321,23,4,17.4
42322,29,2,6.9
42323,23,1,4.3
42383,19,0,0
42391,,,
42411,29,1,3.4
43100,62,8,12.9
43202,56,8,14.3
43203,34,3,8.8
43204,32,6,18.8
43205,42,5,11.9
43206,39,7,17.9
43208,37,5,13.5
43210,33,7,21.2
43211,29,2,6.9
43212,29,1,3.4
43213,38,11,28.9
43214,34,1,2.9
43215,46,1,2.2
43216,39,5,12.8
43348,40,4,10
43364,14,1,7.1
43367,32,3,9.4
43368,22,2,9.1
43369,34,6,17.6
43403,54,7,13
43404,48,2,4.2
43423,41,3,7.3
43424,49,3,6.1
43425,42,1,2.4
43428,42,1,2.4
43432,16,0,0
43433,51,4,7.8
43441,28,4,14.3
43442,55,2,3.6
43443,33,4,12.1
43444,26,0,0
43447,47,3,6.4
43468,,,
43482,35,9,25.7
43484,18,1,5.6
43501,18,1,5.6
43505,29,2,6.9
43506,41,2,4.9
43507,39,4,10.3
43510,35,3,8.6
43511,25,1,4
43512,75,8,10.7
43513,33,2,6.1
43514,65,5,7.7
43531,30,1,3.3
44201,46,10,21.7
44202,39,2,5.1
44203,46,3,6.5
44204,45,3,6.7
44205,39,2,5.1
44206,28,6,21.4
44207,29,2,6.9
44208,34,3,8.8
44209,14,2,14.3
44210,0,0,0
44211,34,5,14.7
44212,17,1,5.9
44213,24,4,16.7
44214,25,0,0
44322,13,0,0
44341,26,1,3.8
44461,21,0,0
44462,22,1,4.5
45201,58,7,12.1
45202,45,9,20
45203,44,2,4.5
45204,46,11,23.9
45205,34,2,5.9
45206,40,4,10
45207,34,4,11.8
45208,38,3,7.9
45209,30,3,10
45341,43,3,7
45361,31,2,6.5
45382,18,1,5.6
45383,,,
45401,32,3,9.4
45402,42,8,19
45403,20,0,0
45404,31,2,6.5
45405,29,2,6.9
45406,43,5,11.6
45421,19,3,15.8
45429,18,2,11.1
45430,13,0,0
45431,11,1,9.1
45441,14,1,7.1
45442,19,2,10.5
45443,30,3,10
46201,59,16,27.1
46203,37,3,8.1
46204,12,1,8.3
46206,25,1,4
46208,22,1,4.5
46210,35,5,14.3
46213,29,2,6.9
46214,20,0,0
46215,29,3,10.3
46216,36,4,11.1
46217,34,3,8.8
46218,40,3,7.5
46219,38,3,7.9
46220,38,11,28.9
46221,32,4,12.5
46222,,,
46223,22,1,4.5
46224,29,6,20.7
46225,33,5,15.2
46303,8,0,0
46304,17,0,0
46392,28,3,10.7
46404,20,1,5
46452,29,1,3.4
46468,29,1,3.4
46482,29,0,0
46490,21,0,0
46491,19,0,0
46492,18,0,0
46501,20,0,0
46502,16,1,6.3
46505,19,0,0
46523,8,1,12.5
46524,23,1,4.3
46525,24,1,4.2
46527,30,2,6.7
46529,12,1,8.3
46530,37,3,8.1
46531,17,0,0
46532,15,0,0
46533,15,0,0
46534,33,0,0
46535,16,1,6.3
47201,39,3,7.7
47205,,,
47207,39,6,15.4
47208,17,2,11.8
47209,,,
47210,33,4,12.1
47211,37,7,18.9
47212,0,0,0
47213,,,
47214,33,4,12.1
47215,23,2,8.7
47301,23,1,4.3
47302,24,2,8.3
47303,20,2,10
47306,,,
47308,25,1,4
47311,24,1,4.2
47313,15,0,0
47314,15,0,0
47315,22,2,9.1
47324,19,3,15.8
47325,21,2,9.5
47326,,,
47327,,,
47328,23,1,4.3
47329,,,
47348,,,
47350,13,1,7.7
47353,,,
47354,,,
47355,41,13,31.7
47356,7,1,14.3
47357,17,2,11.8
47358,,,
47359,14,1,7.1
47360,10,2,20
47361,29,3,10.3
47362,14,0,0
47375,20,4,20
47381,17,2,11.8
47382,,,
