01100,557,344,61.8 
01202,91,30,33.0 
01203,50,22,44.0 
01204,62,30,48.4 
01205,24,12,50.0 
01206,53,21,39.6 
01207,45,27,60.0 
01208,24,13,54.2 
01209,2,1,50.0 
01210,32,18,56.3 
01211,9,2,22.2 
01212,4,3,75.0 
01213,40,20,50.0 
01214,3,1,33.3 
01215,6,1,16.7 
01216,1,0,0.0 
01217,32,19,59.4 
01218,2,1,50.0 
01219,3,3,100.0 
01220,4,1,25.0 
01221,14,5,35.7 
01222,4,1,25.0 
01223,10,2,20.0 
01224,42,18,42.9 
01225,12,5,41.7 
01226,17,14,82.4 
01227,2,1,50.0 
01228,8,2,25.0 
01229,4,2,50.0 
01230,9,0,0.0 
01231,12,6,50.0 
01233,3,0,0.0 
01234,19,10,52.6 
01235,4,1,25.0 
01236,5,3,60.0 
01303,6,3,50.0 
01304,0,0,-1
01331,1,0,0.0 
01332,0,0,-1
01333,1,0,0.0 
01334,2,0,0.0 
01337,7,3,42.9 
01343,0,0,-1
01345,10,3,30.0 
01346,14,1,7.1 
01347,5,2,40.0 
01361,1,0,0.0 
01362,1,0,0.0 
01363,1,0,0.0 
01364,1,0,0.0 
01367,2,0,0.0 
01370,5,0,0.0 
01371,4,1,25.0 
01391,0,0,-1
01392,0,0,-1
01393,0,1,-1
01394,0,0,-1
01395,0,0,-1
01396,2,0,0.0 
01397,3,0,0.0 
01398,2,1,50.0 
01399,1,1,100.0 
01400,10,3,30.0 
01401,3,0,0.0 
01402,0,1,-1
01403,0,0,-1
01404,0,0,-1
01405,2,0,0.0 
01406,0,0,-1
01407,6,1,16.7 
01408,8,2,25.0 
01409,0,0,-1
01423,4,3,75.0 
01424,0,0,-1
01425,1,1,100.0 
01427,1,1,100.0 
01428,4,0,0.0 
01429,2,1,50.0 
01430,2,0,0.0 
01431,3,0,0.0 
01432,2,1,50.0 
01433,1,0,0.0 
01434,0,0,-1
01436,2,0,0.0 
01437,1,0,0.0 
01438,0,0,-1
01452,2,0,0.0 
01453,2,0,0.0 
01454,0,0,-1
01455,1,0,0.0 
01456,2,0,0.0 
01457,4,1,25.0 
01458,1,0,0.0 
01459,4,3,75.0 
01460,2,3,150.0 
01461,4,1,25.0 
01462,3,2,66.7 
01463,1,1,100.0 
01464,2,0,0.0 
01465,4,2,50.0 
01468,1,0,0.0 
01469,0,0,-1
01470,0,0,-1
01471,1,0,0.0 
01472,0,0,-1
01481,3,1,33.3 
01482,1,0,0.0 
01483,0,0,-1
01484,1,1,100.0 
01485,0,0,-1
01486,3,0,0.0 
01487,0,0,-1
01511,1,0,0.0 
01512,0,0,-1
01513,1,0,0.0 
01514,3,3,100.0 
01516,2,1,50.0 
01517,0,0,-1
01518,0,0,-1
01519,0,0,-1
01520,2,0,0.0 
01543,5,0,0.0 
01544,2,0,0.0 
01545,2,2,100.0 
01546,0,0,-1
01547,0,0,-1
01549,3,0,0.0 
01550,3,0,0.0 
01552,4,1,25.0 
01555,4,2,50.0 
01559,1,0,0.0 
01560,2,1,50.0 
01561,1,1,100.0 
01562,0,0,-1
01563,1,0,0.0 
01564,8,5,62.5 
01571,1,0,0.0 
01575,1,0,0.0 
01578,9,1,11.1 
01581,4,0,0.0 
01584,5,1,20.0 
01585,2,0,0.0 
01586,3,0,0.0 
01601,4,1,25.0 
01602,1,1,100.0 
01604,2,1,50.0 
01607,7,1,14.3 
01608,0,0,-1
01609,0,0,-1
01610,7,2,28.6 
01631,5,2,40.0 
01632,2,0,0.0 
01633,1,1,100.0 
01634,6,3,50.0 
01635,4,0,0.0 
01636,1,0,0.0 
01637,6,4,66.7 
01638,4,0,0.0 
01639,1,0,0.0 
01641,1,1,100.0 
01642,5,1,20.0 
01643,12,7,58.3 
01644,0,0,-1
01645,1,0,0.0 
01646,0,0,-1
01647,3,1,33.3 
01648,0,0,-1
01649,3,0,0.0 
01661,3,1,33.3 
01662,5,0,0.0 
01663,3,1,33.3 
01664,2,1,50.0 
01665,3,1,33.3 
01667,1,0,0.0 
01668,4,1,25.0 
01691,5,2,40.0 
01692,2,1,50.0 
01693,2,1,50.0 
01694,0,0,-1
02201,28,21,75.0 
02202,23,13,56.5 
02203,38,20,52.6 
02204,6,1,16.7 
02205,9,4,44.4 
02206,16,13,81.3 
02207,9,4,44.4 
02208,5,1,20.0 
02209,10,1,10.0 
02210,6,3,50.0 
02301,2,2,100.0 
02303,0,0,-1
02304,3,0,0.0 
02307,0,0,-1
02321,1,1,100.0 
02323,1,0,0.0 
02343,0,0,-1
02361,1,1,100.0 
02362,3,1,33.3 
02367,1,2,200.0 
02381,1,0,0.0 
02384,2,2,100.0 
02387,2,0,0.0 
02401,4,2,50.0 
02402,4,3,75.0 
02405,1,0,0.0 
02406,0,0,-1
02408,6,1,16.7 
02411,4,0,0.0 
02412,2,2,100.0 
02423,1,1,100.0 
02424,0,0,-1
02425,0,0,-1
02426,0,0,-1
02441,6,2,33.3 
02442,7,5,71.4 
02443,3,2,66.7 
02445,5,1,20.0 
02446,1,1,100.0 
02450,0,0,-1
03201,37,23,62.2 
03202,5,3,60.0 
03203,10,10,100.0 
03205,22,12,54.5 
03206,11,6,54.5 
03207,5,3,60.0 
03208,4,2,50.0 
03209,21,9,42.9 
03210,4,3,75.0 
03211,8,3,37.5 
03213,3,0,0.0 
03214,8,1,12.5 
03215,12,5,41.7 
03216,9,4,44.4 
03301,2,0,0.0 
03302,2,1,50.0 
03303,3,2,66.7 
03321,3,1,33.3 
03322,3,1,33.3 
03366,1,1,100.0 
03381,5,2,40.0 
03402,2,0,0.0 
03441,0,1,-1
03461,1,1,100.0 
03482,7,0,0.0 
03483,3,3,100.0 
03484,1,0,0.0 
03485,1,1,100.0 
03501,0,0,-1
03503,1,1,100.0 
03506,2,0,0.0 
03507,4,1,25.0 
03524,4,2,50.0 
04100,315,178,56.5 
04202,19,12,63.2 
04203,10,5,50.0 
04205,15,7,46.7 
04206,2,1,50.0 
04207,22,21,95.5 
04208,3,1,33.3 
04209,8,8,100.0 
04211,7,1,14.3 
04212,28,15,53.6 
04213,25,6,24.0 
04214,7,5,71.4 
04215,27,11,40.7 
04216,5,5,100.0 
04301,6,0,0.0 
04302,1,1,100.0 
04321,4,3,75.0 
04322,4,1,25.0 
04323,1,1,100.0 
04324,0,0,-1
04341,3,0,0.0 
04361,5,3,60.0 
04362,4,1,25.0 
04401,6,5,83.3 
04404,2,0,0.0 
04406,3,3,100.0 
04421,5,3,60.0 
04422,4,1,25.0 
04424,0,0,-1
04444,1,0,0.0 
04445,3,0,0.0 
04501,5,4,80.0 
04505,2,2,100.0 
04581,2,1,50.0 
04606,1,0,0.0 
05201,46,22,47.8 
05202,7,7,100.0 
05203,25,8,32.0 
05204,18,7,38.9 
05206,14,10,71.4 
05207,6,3,50.0 
05209,6,4,66.7 
05210,26,6,23.1 
05211,2,2,100.0 
05212,14,9,64.3 
05213,13,4,30.8 
05214,9,4,44.4 
05215,7,3,42.9 
05303,0,0,-1
05327,2,1,50.0 
05346,4,0,0.0 
05348,0,1,-1
05349,2,0,0.0 
05361,2,1,50.0 
05363,0,0,-1
05366,2,2,100.0 
05368,3,1,33.3 
05434,2,2,100.0 
05463,5,2,40.0 
05464,0,0,-1
06201,43,30,69.8 
06202,12,10,83.3 
06203,29,11,37.9 
06204,9,5,55.6 
06205,7,1,14.3 
06206,12,9,75.0 
06207,15,6,40.0 
06208,13,4,30.8 
06209,9,5,55.6 
06210,17,6,35.3 
06211,8,7,87.5 
06212,13,4,30.8 
06213,4,3,75.0 
06301,3,3,100.0 
06302,2,3,150.0 
06321,2,1,50.0 
06322,3,1,33.3 
06323,3,2,66.7 
06324,1,0,0.0 
06341,3,0,0.0 
06361,2,0,0.0 
06362,3,1,33.3 
06363,0,1,-1
06364,4,0,0.0 
06365,0,0,-1
06366,1,1,100.0 
06367,2,2,100.0 
06381,11,2,18.2 
06382,2,1,50.0 
06401,2,0,0.0 
06402,0,1,-1
06403,1,1,100.0 
06426,3,1,33.3 
06428,1,2,200.0 
06461,1,0,0.0 
07201,51,36,70.6 
07202,18,12,66.7 
07203,35,15,42.9 
07204,81,25,30.9 
07205,3,2,66.7 
07207,12,8,66.7 
07208,9,4,44.4 
07209,11,6,54.5 
07210,7,4,57.1 
07211,4,1,25.0 
07212,15,9,60.0 
07213,9,6,66.7 
07214,7,4,57.1 
07301,0,0,-1
07303,1,0,0.0 
07308,7,4,57.1 
07322,1,0,0.0 
07342,1,0,0.0 
07344,1,1,100.0 
07362,3,1,33.3 
07364,2,0,0.0 
07367,2,1,50.0 
07368,5,3,60.0 
07402,0,0,-1
07405,3,1,33.3 
07407,1,1,100.0 
07408,3,0,0.0 
07421,3,1,33.3 
07422,1,1,100.0 
07423,3,1,33.3 
07444,0,0,-1
07445,1,1,100.0 
07446,3,1,33.3 
07447,5,3,60.0 
07461,1,1,100.0 
07464,0,0,-1
07465,1,1,100.0 
07466,0,0,-1
07481,3,0,0.0 
07482,1,0,0.0 
07483,3,2,66.7 
07484,1,1,100.0 
07501,1,0,0.0 
07502,1,1,100.0 
07503,0,0,-1
07504,1,1,100.0 
07505,5,1,20.0 
07521,6,3,50.0 
07522,1,1,100.0 
07541,2,1,50.0 
07542,1,0,0.0 
07543,3,1,33.3 
07544,2,0,0.0 
07545,1,1,100.0 
07546,8,2,25.0 
07547,3,3,100.0 
07548,0,0,-1
07561,3,0,0.0 
07564,2,0,0.0 
08201,60,25,41.7 
08202,50,14,28.0 
08203,17,7,41.2 
08204,12,4,33.3 
08205,12,2,16.7 
08207,6,4,66.7 
08208,3,4,133.3 
08210,4,4,100.0 
08211,9,4,44.4 
08212,4,1,25.0 
08214,7,2,28.6 
08215,8,3,37.5 
08216,15,6,40.0 
08217,13,7,53.8 
08219,4,2,50.0 
08220,43,44,102.3 
08221,22,15,68.2 
08222,8,4,50.0 
08223,3,2,66.7 
08224,9,9,100.0 
08225,14,4,28.6 
08226,9,5,55.6 
08227,11,10,90.9 
08228,9,5,55.6 
08229,6,4,66.7 
08230,11,3,27.3 
08231,7,5,71.4 
08232,12,7,58.3 
08233,5,1,20.0 
08234,5,3,60.0 
08235,8,6,75.0 
08236,16,7,43.8 
08302,15,5,33.3 
08309,8,3,37.5 
08310,5,1,20.0 
08341,8,4,50.0 
08364,1,1,100.0 
08442,5,3,60.0 
08443,12,12,100.0 
08447,0,0,-1
08521,2,2,100.0 
08542,1,0,0.0 
08546,3,0,0.0 
08564,3,2,66.7 
09201,76,51,67.1 
09202,23,12,52.2 
09203,20,5,25.0 
09204,29,13,44.8 
09205,31,13,41.9 
09206,20,5,25.0 
09208,43,24,55.8 
09209,3,3,100.0 
09210,11,6,54.5 
09211,7,3,42.9 
09213,10,8,80.0 
09214,6,2,33.3 
09215,4,2,50.0 
09216,5,4,80.0 
09301,5,3,60.0 
09342,3,1,33.3 
09343,2,1,50.0 
09344,2,2,100.0 
09345,7,4,57.1 
09361,4,4,100.0 
09364,2,1,50.0 
09384,3,0,0.0 
09386,1,1,100.0 
09407,5,3,60.0 
09411,5,2,40.0 
10201,37,25,67.6 
10202,59,45,76.3 
10203,28,8,28.6 
10204,57,35,61.4 
10205,24,16,66.7 
10206,2,3,150.0 
10207,9,5,55.6 
10208,19,12,63.2 
10209,16,5,31.3 
10210,6,3,50.0 
10211,11,2,18.2 
10212,5,7,140.0 
10344,2,2,100.0 
10345,1,1,100.0 
10366,0,0,-1
10367,0,0,-1
10382,1,1,100.0 
10383,0,1,-1
10384,1,1,100.0 
10421,7,0,0.0 
10424,0,0,-1
10425,4,2,50.0 
10426,0,0,-1
10428,2,0,0.0 
10429,0,0,-1
10443,1,0,0.0 
10444,3,0,0.0 
10448,2,0,0.0 
10449,3,2,66.7 
10464,5,4,80.0 
10521,2,1,50.0 
10522,4,3,75.0 
10523,1,0,0.0 
10524,5,4,80.0 
10525,5,0,0.0 
11100,389,218,56.0 
11201,35,26,74.3 
11202,35,17,48.6 
11203,122,68,55.7 
11206,16,10,62.5 
11207,7,0,0.0 
11208,44,32,72.7 
11209,8,7,87.5 
11210,10,11,110.0 
11211,15,10,66.7 
11212,25,18,72.0 
11214,41,15,36.6 
11215,25,23,92.0 
11216,10,3,30.0 
11217,12,11,91.7 
11218,27,15,55.6 
11219,32,11,34.4 
11221,52,29,55.8 
11222,77,37,48.1 
11223,17,10,58.8 
11224,19,17,89.5 
11225,12,8,66.7 
11227,7,6,85.7 
11228,14,7,50.0 
11229,11,9,81.8 
11230,13,9,69.2 
11231,7,6,85.7 
11232,16,16,100.0 
11233,9,7,77.8 
11234,23,13,56.5 
11235,10,8,80.0 
11237,35,22,62.9 
11238,17,12,70.6 
11239,14,9,64.3 
11240,4,1,25.0 
11241,11,7,63.6 
11242,10,6,60.0 
11243,11,7,63.6 
11245,15,7,46.7 
11246,12,9,75.0 
11301,5,3,60.0 
11324,5,3,60.0 
11326,5,4,80.0 
11327,3,0,0.0 
11341,5,2,40.0 
11342,5,3,60.0 
11343,4,2,50.0 
11346,2,0,0.0 
11347,4,0,0.0 
11348,2,1,50.0 
11349,2,1,50.0 
11361,0,0,-1
11362,1,1,100.0 
11363,0,0,-1
11365,5,1,20.0 
11369,0,1,-1
11381,3,3,100.0 
11383,3,1,33.3 
11385,5,4,80.0 
11408,4,3,75.0 
11442,2,1,50.0 
11464,3,1,33.3 
11465,3,2,66.7 
12100,323,209,64.7 
12202,9,2,22.2 
12203,68,41,60.3 
12204,132,88,66.7 
12205,7,3,42.9 
12206,23,11,47.8 
12207,112,48,42.9 
12208,27,7,25.9 
12210,7,3,42.9 
12211,46,35,76.1 
12212,27,24,88.9 
12213,6,3,50.0 
12215,13,6,46.2 
12216,32,19,59.4 
12217,77,42,54.5 
12218,3,2,66.7 
12219,54,30,55.6 
12220,37,26,70.3 
12221,37,13,35.1 
12222,23,13,56.5 
12223,0,0,-1
12224,22,22,100.0 
12225,27,12,44.4 
12226,11,6,54.5 
12227,21,19,90.5 
12228,19,14,73.7 
12229,14,5,35.7 
12230,7,2,28.6 
12231,9,8,88.9 
12232,1,1,100.0 
12233,3,0,0.0 
12234,7,4,57.1 
12235,9,2,22.2 
12236,5,1,20.0 
12237,4,0,0.0 
12238,3,1,33.3 
12239,6,4,66.7 
12322,1,1,100.0 
12329,7,4,57.1 
12342,4,0,0.0 
12347,6,3,50.0 
12349,3,3,100.0 
12403,4,0,0.0 
12409,3,5,166.7 
12410,6,5,83.3 
12421,1,0,0.0 
12422,1,0,0.0 
12423,1,2,200.0 
12424,0,0,-1
12426,0,0,-1
12427,1,0,0.0 
12441,0,0,-1
12443,1,0,0.0 
12463,0,0,-1
13101,17,15,88.2 
13102,24,15,62.5 
13103,41,34,82.9 
13104,34,30,88.2 
13105,27,21,77.8 
13106,37,29,78.4 
13107,34,23,67.6 
13108,39,30,76.9 
13109,49,27,55.1 
13110,28,21,75.0 
13111,69,46,66.7 
13112,100,80,80.0 
13113,19,15,78.9 
13114,53,38,71.7 
13115,49,50,102.0 
13116,27,19,70.4 
13117,37,27,73.0 
13118,36,36,100.0 
13119,66,57,86.4 
13120,65,51,78.5 
13121,70,49,70.0 
13122,43,25,58.1 
13123,59,56,94.9 
13201,64,44,68.8 
13202,21,16,76.2 
13203,18,17,94.4 
13204,19,15,78.9 
13205,29,19,65.5 
13206,29,23,79.3 
13207,9,8,88.9 
13208,23,21,91.3 
13209,47,43,91.5 
13210,12,13,108.3 
13211,16,10,62.5 
13212,19,17,89.5 
13213,14,12,85.7 
13214,17,11,64.7 
13215,12,10,83.3 
13218,10,5,50.0 
13219,11,9,81.8 
13220,15,12,80.0 
13221,10,8,80.0 
13222,14,8,57.1 
13223,8,4,50.0 
13224,26,20,76.9 
13225,28,11,39.3 
13227,6,6,100.0 
13228,10,5,50.0 
13229,20,15,75.0 
13303,2,1,50.0 
13305,2,2,100.0 
13307,3,1,33.3 
13308,1,0,0.0 
13361,0,0,-1
13362,0,0,-1
13363,2,0,0.0 
13364,0,0,-1
13381,1,1,100.0 
13382,0,0,-1
13401,3,1,33.3 
13402,0,0,-1
13421,2,0,0.0 
14100,1079,571,52.9 
14130,415,233,56.1 
14150,199,90,45.2 
14201,83,55,66.3 
14203,63,39,61.9 
14204,40,30,75.0 
14205,85,45,52.9 
14206,51,25,49.0 
14207,60,35,58.3 
14208,8,6,75.0 
14210,6,5,83.3 
14211,24,10,41.7 
14212,39,19,48.7 
14213,32,22,68.8 
14214,28,17,60.7 
14215,18,8,44.4 
14216,26,14,53.8 
14217,7,6,85.7 
14218,21,5,23.8 
14301,10,6,60.0 
14321,7,6,85.7 
14341,4,1,25.0 
14342,6,2,33.3 
14361,2,2,100.0 
14362,1,0,0.0 
14363,1,2,200.0 
14364,9,5,55.6 
14366,6,3,50.0 
14382,5,3,60.0 
14383,1,1,100.0 
14384,5,4,80.0 
14401,7,4,57.1 
14402,0,0,-1
15100,222,143,64.4 
15202,52,41,78.8 
15204,14,7,50.0 
15205,21,12,57.1 
15206,13,6,46.2 
15208,10,4,40.0 
15209,1,1,100.0 
15210,7,5,71.4 
15211,11,6,54.5 
15212,12,5,41.7 
15213,12,9,75.0 
15216,5,0,0.0 
15217,5,3,60.0 
15218,7,0,0.0 
15222,22,16,72.7 
15223,7,2,28.6 
15224,12,2,16.7 
15225,15,10,66.7 
15226,27,4,14.8 
15227,2,1,50.0 
15307,4,2,50.0 
15342,3,2,66.7 
15361,2,1,50.0 
15385,3,2,66.7 
15405,2,1,50.0 
15461,5,1,20.0 
15482,5,2,40.0 
15504,4,1,25.0 
15581,2,1,50.0 
15586,0,0,-1
16201,94,25,26.6 
16202,44,9,20.5 
16204,6,3,50.0 
16205,9,2,22.2 
16206,6,5,83.3 
16207,18,2,11.1 
16208,9,4,44.4 
16209,11,3,27.3 
16210,15,10,66.7 
16211,21,8,38.1 
16321,0,0,-1
16322,5,2,40.0 
16323,2,2,100.0 
16342,4,0,0.0 
16343,3,1,33.3 
17201,74,53,71.6 
17202,19,4,21.1 
17203,20,4,20.0 
17204,8,7,87.5 
17205,5,1,20.0 
17206,23,14,60.9 
17207,3,4,133.3 
17209,7,3,42.9 
17210,11,5,45.5 
17211,18,8,44.4 
17212,9,5,55.6 
17324,2,1,50.0 
17361,3,1,33.3 
17365,2,2,100.0 
17384,2,0,0.0 
17386,4,1,25.0 
17407,3,0,0.0 
17461,3,1,33.3 
17463,5,2,40.0 
18201,49,21,42.9 
18202,19,16,84.2 
18204,3,3,100.0 
18205,7,2,28.6 
18206,3,2,66.7 
18207,8,4,50.0 
18208,8,5,62.5 
18209,9,8,88.9 
18210,12,9,75.0 
18322,5,1,20.0 
18382,0,0,-1
18404,4,0,0.0 
18423,2,0,0.0 
18442,1,1,100.0 
18481,7,5,71.4 
18483,1,0,0.0 
18501,1,0,0.0 
19201,37,16,43.2 
19202,19,8,42.1 
19204,17,3,17.6 
19205,5,3,60.0 
19206,11,2,18.2 
19207,6,1,16.7 
19208,12,9,75.0 
19209,22,9,40.9 
19210,9,1,11.1 
19211,20,3,15.0 
19212,5,0,0.0 
19213,9,2,22.2 
19214,2,2,100.0 
19346,2,0,0.0 
19364,0,0,-1
19365,3,1,33.3 
19366,1,0,0.0 
19368,1,0,0.0 
19384,6,1,16.7 
19422,0,0,-1
19423,1,0,0.0 
19424,4,2,50.0 
19425,4,0,0.0 
19429,0,0,-1
19430,7,5,71.4 
19442,0,0,-1
19443,0,0,-1
20201,67,41,61.2 
20202,40,17,42.5 
20203,30,18,60.0 
20204,13,4,30.8 
20205,39,16,41.0 
20206,12,4,33.3 
20207,14,11,78.6 
20208,5,1,20.0 
20209,10,2,20.0 
20210,7,0,0.0 
20211,7,2,28.6 
20212,6,4,66.7 
20213,2,0,0.0 
20214,4,1,25.0 
20215,10,4,40.0 
20217,29,7,24.1 
20218,8,1,12.5 
20219,10,2,20.0 
20220,11,7,63.6 
20303,0,0,-1
20304,2,0,0.0 
20305,1,0,0.0 
20306,0,0,-1
20307,1,0,0.0 
20309,5,2,40.0 
20321,4,0,0.0 
20323,1,0,0.0 
20324,0,1,-1
20349,1,0,0.0 
20350,1,0,0.0 
20361,4,1,25.0 
20362,7,4,57.1 
20363,1,0,0.0 
20382,7,2,28.6 
20383,4,6,150.0 
20384,2,0,0.0 
20385,0,0,-1
20386,1,1,100.0 
20388,0,0,-1
20402,7,3,42.9 
20403,3,0,0.0 
20404,1,0,0.0 
20407,0,0,-1
20409,0,0,-1
20410,0,0,-1
20411,0,0,-1
20412,0,0,-1
20413,1,1,100.0 
20414,0,0,-1
20415,1,1,100.0 
20416,0,0,-1
20417,0,0,-1
20422,2,1,50.0 
20423,0,0,-1
20425,5,2,40.0 
20429,1,1,100.0 
20430,2,0,0.0 
20432,0,0,-1
20446,0,0,-1
20448,0,0,-1
20450,2,0,0.0 
20451,0,0,-1
20452,0,0,-1
20481,2,0,0.0 
20482,0,0,-1
20485,3,1,33.3 
20486,0,0,-1
20521,3,2,66.7 
20541,0,0,-1
20543,2,0,0.0 
20561,5,2,40.0 
20562,1,0,0.0 
20563,1,0,0.0 
20583,1,1,100.0 
20588,0,0,-1
20590,7,5,71.4 
20602,3,0,0.0 
21201,134,63,47.0 
21202,53,24,45.3 
21203,13,3,23.1 
21204,10,5,50.0 
21205,8,7,87.5 
21206,20,14,70.0 
21207,7,2,28.6 
21208,7,2,28.6 
21209,15,6,40.0 
21210,3,3,100.0 
21211,4,6,150.0 
21212,7,7,100.0 
21213,30,13,43.3 
21214,15,9,60.0 
21215,3,2,66.7 
21216,4,0,0.0 
21217,7,3,42.9 
21218,2,2,100.0 
21219,15,8,53.3 
21220,9,1,11.1 
21221,13,10,76.9 
21302,2,2,100.0 
21303,2,1,50.0 
21341,11,3,27.3 
21361,5,3,60.0 
21362,4,0,0.0 
21381,0,0,-1
21382,1,1,100.0 
21383,1,0,0.0 
21401,1,1,100.0 
21403,3,0,0.0 
21404,1,0,0.0 
21421,2,2,100.0 
21501,0,0,-1
21502,4,0,0.0 
21503,4,6,150.0 
21504,0,0,-1
21505,3,3,100.0 
21506,2,0,0.0 
21507,0,0,-1
21521,7,3,42.9 
21604,3,0,0.0 
22100,214,102,47.7 
22130,182,74,40.7 
22203,32,30,93.8 
22205,10,0,0.0 
22206,14,9,64.3 
22207,29,9,31.0 
22208,7,2,28.6 
22209,19,12,63.2 
22210,60,31,51.7 
22211,37,19,51.4 
22212,14,14,100.0 
22213,17,9,52.9 
22214,25,12,48.0 
22215,19,9,47.4 
22216,9,6,66.7 
22219,4,1,25.0 
22220,5,4,80.0 
22221,17,4,23.5 
22222,9,2,22.2 
22223,9,5,55.6 
22224,20,8,40.0 
22225,7,4,57.1 
22226,8,1,12.5 
22301,1,0,0.0 
22302,0,0,-1
22304,1,0,0.0 
22305,0,0,-1
22306,2,0,0.0 
22325,0,0,-1
22341,6,2,33.3 
22342,2,3,150.0 
22344,8,6,75.0 
22424,4,0,0.0 
22429,1,0,0.0 
22461,6,0,0.0 
23100,766,386,50.4 
23201,96,48,50.0 
23202,87,65,74.7 
23203,75,52,69.3 
23204,18,4,22.2 
23205,20,8,40.0 
23206,60,35,58.3 
23207,46,28,60.9 
23208,21,6,28.6 
23209,5,5,100.0 
23210,23,17,73.9 
23211,77,64,83.1 
23212,21,14,66.7 
23213,28,11,39.3 
23214,10,6,60.0 
23215,12,2,16.7 
23216,27,12,44.4 
23217,24,9,37.5 
23219,46,18,39.1 
23220,38,25,65.8 
23221,29,17,58.6 
23222,24,17,70.8 
23223,17,14,82.4 
23224,15,8,53.3 
23225,13,15,115.4 
23226,19,7,36.8 
23227,9,7,77.8 
23228,14,10,71.4 
23229,6,3,50.0 
23230,10,10,100.0 
23231,17,6,35.3 
23232,4,2,50.0 
23233,12,5,41.7 
23234,8,5,62.5 
23235,4,5,125.0 
23236,9,10,111.1 
23237,9,3,33.3 
23238,6,4,66.7 
23302,7,4,57.1 
23342,6,5,83.3 
23361,4,3,75.0 
23362,7,3,42.9 
23424,3,3,100.0 
23425,2,2,100.0 
23427,6,3,50.0 
23441,2,0,0.0 
23442,10,10,100.0 
23445,5,1,20.0 
23446,2,2,100.0 
23447,4,2,50.0 
23501,3,3,100.0 
23561,3,2,66.7 
23562,1,1,100.0 
23563,0,0,-1
24201,44,27,61.4 
24202,73,52,71.2 
24203,35,21,60.0 
24204,26,12,46.2 
24205,15,8,53.3 
24207,44,21,47.7 
24208,11,8,72.7 
24209,1,0,0.0 
24210,10,6,60.0 
24211,7,3,42.9 
24212,6,0,0.0 
24214,9,9,100.0 
24215,23,5,21.7 
24216,22,10,45.5 
24303,1,0,0.0 
24324,2,2,100.0 
24341,4,0,0.0 
24343,2,1,50.0 
24344,0,1,-1
24441,2,1,50.0 
24442,3,3,100.0 
24443,4,2,50.0 
24461,4,2,50.0 
24470,3,2,66.7 
24471,1,0,0.0 
24472,3,0,0.0 
24543,1,1,100.0 
24561,4,1,25.0 
24562,0,0,-1
25201,63,29,46.0 
25202,33,25,75.8 
25203,33,15,45.5 
25204,18,14,77.8 
25206,28,22,78.6 
25207,19,11,57.9 
25208,10,3,30.0 
25209,15,13,86.7 
25210,11,5,45.5 
25211,7,6,85.7 
25212,18,8,44.4 
25213,27,13,48.1 
25214,13,12,92.3 
25383,5,1,20.0 
25384,3,2,66.7 
25425,3,3,100.0 
25441,1,0,0.0 
25442,4,2,50.0 
25443,0,0,-1
26100,509,278,54.6 
26201,31,18,58.1 
26202,17,10,58.8 
26203,15,8,53.3 
26204,38,12,31.6 
26205,0,0,-1
26206,18,7,38.9 
26207,12,8,66.7 
26208,8,2,25.0 
26209,12,12,100.0 
26210,21,9,42.9 
26211,20,10,50.0 
26212,19,5,26.3 
26213,9,2,22.2 
26214,11,6,54.5 
26303,5,4,80.0 
26322,6,4,66.7 
26343,2,0,0.0 
26344,1,1,100.0 
26364,2,1,50.0 
26365,0,0,-1
26366,9,8,88.9 
26367,1,1,100.0 
26407,2,1,50.0 
26463,3,0,0.0 
26465,5,1,20.0 
27100,640,188,29.4 
27140,295,167,56.6 
27202,49,21,42.9 
27203,75,48,64.0 
27204,36,12,33.3 
27205,62,23,37.1 
27206,18,8,44.4 
27207,66,20,30.3 
27208,23,11,47.8 
27209,19,9,47.4 
27210,53,33,62.3 
27211,54,38,70.4 
27212,51,26,51.0 
27213,8,5,62.5 
27214,25,7,28.0 
27215,31,15,48.4 
27216,25,11,44.0 
27217,19,3,15.8 
27218,15,6,40.0 
27219,29,15,51.7 
27220,31,10,32.3 
27221,21,11,52.4 
27222,15,5,33.3 
27223,24,16,66.7 
27224,28,16,57.1 
27225,6,4,66.7 
27226,16,11,68.8 
27227,85,38,44.7 
27228,4,4,100.0 
27229,8,5,62.5 
27230,16,9,56.3 
27231,10,6,60.0 
27232,7,5,71.4 
27301,9,9,100.0 
27321,0,0,-1
27322,4,0,0.0 
27341,0,0,-1
27361,2,3,150.0 
27362,1,1,100.0 
27366,0,0,-1
27381,3,0,0.0 
27382,3,2,66.7 
27383,2,1,50.0 
28100,472,244,51.7 
28201,86,48,55.8 
28202,100,51,51.0 
28203,46,41,89.1 
28204,124,74,59.7 
28205,7,4,57.1 
28206,29,13,44.8 
28207,44,24,54.5 
28208,7,1,14.3 
28209,22,11,50.0 
28210,50,15,30.0 
28212,16,5,31.3 
28213,11,6,54.5 
28214,67,33,49.3 
28215,16,5,31.3 
28216,19,14,73.7 
28217,46,19,41.3 
28218,7,4,57.1 
28219,12,7,58.3 
28220,8,2,25.0 
28221,11,2,18.2 
28222,5,4,80.0 
28223,11,3,27.3 
28224,8,1,12.5 
28225,7,4,57.1 
28226,2,0,0.0 
28227,3,4,133.3 
28228,7,5,71.4 
28229,8,3,37.5 
28301,10,6,60.0 
28365,1,1,100.0 
28381,4,1,25.0 
28382,6,4,66.7 
28442,0,0,-1
28443,2,0,0.0 
28446,4,2,50.0 
28464,1,0,0.0 
28481,4,1,25.0 
28501,5,2,40.0 
28585,2,0,0.0 
28586,1,1,100.0 
29201,51,30,58.8 
29202,25,14,56.0 
29203,14,10,71.4 
29204,11,5,45.5 
29205,13,8,61.5 
29206,12,9,75.0 
29207,9,6,66.7 
29208,9,5,55.6 
29209,22,9,40.9 
29210,10,4,40.0 
29211,2,1,50.0 
29212,10,5,50.0 
29322,0,0,-1
29342,1,0,0.0 
29343,2,2,100.0 
29344,4,3,75.0 
29345,1,1,100.0 
29361,5,0,0.0 
29362,3,3,100.0 
29363,4,4,100.0 
29385,1,1,100.0 
29386,1,1,100.0 
29401,2,0,0.0 
29402,5,1,20.0 
29424,1,0,0.0 
29425,6,4,66.7 
29426,5,2,40.0 
29427,0,0,-1
29441,1,0,0.0 
29442,1,1,100.0 
29443,2,1,50.0 
29444,1,0,0.0 
29446,1,0,0.0 
29447,0,0,-1
29449,1,0,0.0 
29450,1,1,100.0 
29451,2,1,50.0 
29452,1,1,100.0 
29453,0,0,-1
30201,64,27,42.2 
30202,15,2,13.3 
30203,21,5,23.8 
30204,8,4,50.0 
30205,8,2,25.0 
30206,21,6,28.6 
30207,18,3,16.7 
30208,7,3,42.9 
30209,8,1,12.5 
30304,4,2,50.0 
30341,4,2,50.0 
30343,2,1,50.0 
30344,0,0,-1
30361,4,0,0.0 
30362,1,0,0.0 
30366,16,6,37.5 
30381,1,0,0.0 
30382,5,0,0.0 
30383,1,1,100.0 
30390,3,0,0.0 
30391,1,0,0.0 
30392,2,2,100.0 
30401,7,1,14.3 
30404,4,0,0.0 
30406,1,0,0.0 
30421,8,3,37.5 
30422,1,0,0.0 
30424,0,0,-1
30427,1,0,0.0 
30428,10,5,50.0 
31201,48,27,56.3 
31202,25,11,44.0 
31203,11,8,72.7 
31204,5,2,40.0 
31302,3,0,0.0 
31325,0,0,-1
31328,2,1,50.0 
31329,1,0,0.0 
31364,2,2,100.0 
31370,4,1,25.0 
31371,5,4,80.0 
31372,3,2,66.7 
31384,0,0,-1
31386,2,3,150.0 
31389,0,0,-1
31390,0,0,-1
31401,0,0,-1
31402,1,0,0.0 
31403,2,1,50.0 
32201,57,26,45.6 
32202,12,5,41.7 
32203,32,22,68.8 
32204,9,9,100.0 
32205,13,11,84.6 
32206,25,18,72.0 
32207,6,0,0.0 
32209,5,1,20.0 
32343,6,4,66.7 
32386,3,1,33.3 
32441,1,0,0.0 
32448,1,0,0.0 
32449,1,1,100.0 
32501,1,0,0.0 
32505,2,0,0.0 
32525,1,0,0.0 
32526,1,0,0.0 
32527,1,0,0.0 
32528,7,2,28.6 
33100,201,131,65.2 
33202,92,49,53.3 
33203,13,7,53.8 
33204,20,17,85.0 
33205,4,1,25.0 
33207,12,4,33.3 
33208,12,7,58.3 
33209,7,4,57.1 
33210,13,5,38.5 
33211,16,7,43.8 
33212,8,4,50.0 
33213,12,4,33.3 
33214,18,6,33.3 
33215,7,3,42.9 
33216,9,2,22.2 
33346,2,2,100.0 
33423,3,1,33.3 
33445,1,0,0.0 
33461,5,1,20.0 
33586,0,0,-1
33606,3,3,100.0 
33622,3,2,66.7 
33623,3,2,66.7 
33643,1,0,0.0 
33663,1,1,100.0 
33666,4,3,75.0 
33681,4,3,75.0 
34100,434,187,43.1 
34202,40,16,40.0 
34203,4,2,50.0 
34204,27,7,25.9 
34205,24,15,62.5 
34207,115,70,60.9 
34208,12,6,50.0 
34209,11,0,0.0 
34210,12,7,58.3 
34211,14,7,50.0 
34212,26,15,57.7 
34213,32,12,37.5 
34214,14,4,28.6 
34215,8,4,50.0 
34302,6,4,66.7 
34304,3,3,100.0 
34307,3,1,33.3 
34309,3,0,0.0 
34368,4,2,50.0 
34369,6,0,0.0 
34431,3,1,33.3 
34462,0,0,-1
34545,2,0,0.0 
35201,64,12,18.8 
35202,18,8,44.4 
35203,30,11,36.7 
35204,16,5,31.3 
35206,43,13,30.2 
35207,10,4,40.0 
35208,10,7,70.0 
35210,17,9,52.9 
35211,3,1,33.3 
35212,8,2,25.0 
35213,12,4,33.3 
35215,21,4,19.0 
35216,11,2,18.2 
35305,10,3,30.0 
35321,2,2,100.0 
35341,0,0,-1
35343,2,1,50.0 
35344,2,1,50.0 
35502,1,0,0.0 
36201,58,18,31.0 
36202,11,6,54.5 
36203,11,3,27.3 
36204,17,4,23.5 
36205,10,4,40.0 
36206,4,0,0.0 
36207,14,6,42.9 
36208,3,0,0.0 
36301,5,1,20.0 
36302,0,0,-1
36321,2,0,0.0 
36341,2,0,0.0 
36342,0,0,-1
36368,3,3,100.0 
36383,1,0,0.0 
36387,4,1,25.0 
36388,0,0,-1
36401,2,0,0.0 
36402,2,0,0.0 
36403,5,4,80.0 
36404,3,2,66.7 
36405,0,0,-1
36468,5,2,40.0 
36489,2,1,50.0 
37201,77,34,44.2 
37202,18,6,33.3 
37203,18,7,38.9 
37204,7,0,0.0 
37205,4,4,100.0 
37206,6,1,16.7 
37207,3,1,33.3 
37208,7,3,42.9 
37322,1,1,100.0 
37324,5,1,20.0 
37341,7,8,114.3 
37364,1,0,0.0 
37386,1,0,0.0 
37387,6,3,50.0 
37403,3,0,0.0 
37404,6,4,66.7 
37406,5,3,60.0 
38201,69,59,85.5 
38202,43,7,16.3 
38203,27,9,33.3 
38204,15,3,20.0 
38205,20,6,30.0 
38206,21,8,38.1 
38207,4,0,0.0 
38210,6,2,33.3 
38213,11,3,27.3 
38214,13,2,15.4 
38215,12,4,33.3 
38356,1,1,100.0 
38386,11,9,81.8 
38401,7,6,85.7 
38402,5,3,60.0 
38422,3,0,0.0 
38442,1,1,100.0 
38484,0,0,-1
38488,2,2,100.0 
38506,7,7,100.0 
39201,79,38,48.1 
39202,2,2,100.0 
39203,7,4,57.1 
39204,6,5,83.3 
39205,14,7,50.0 
39206,9,4,44.4 
39208,6,2,33.3 
39209,4,2,50.0 
39210,7,6,85.7 
39211,5,1,20.0 
39212,8,2,25.0 
39301,2,2,100.0 
39302,2,0,0.0 
39303,1,0,0.0 
39304,1,0,0.0 
39305,0,0,-1
39306,2,1,50.0 
39307,2,0,0.0 
39341,1,1,100.0 
39344,1,1,100.0 
39363,2,0,0.0 
39364,1,0,0.0 
39386,8,4,50.0 
39387,2,3,150.0 
39401,0,0,-1
39402,3,0,0.0 
39403,0,0,-1
39405,3,0,0.0 
39410,2,2,100.0 
39411,2,0,0.0 
39412,4,1,25.0 
39424,3,0,0.0 
39427,1,1,100.0 
39428,8,4,50.0 
40100,187,97,51.9 
40130,428,417,97.4 
40202,15,3,20.0 
40203,46,20,43.5 
40204,9,3,33.3 
40205,23,10,43.5 
40206,14,2,14.3 
40207,10,2,20.0 
40210,14,5,35.7 
40211,6,6,100.0 
40212,4,2,50.0 
40213,10,4,40.0 
40214,5,5,100.0 
40215,9,3,33.3 
40216,10,4,40.0 
40217,16,12,75.0 
40218,15,12,80.0 
40219,13,12,92.3 
40220,12,6,50.0 
40221,13,10,76.9 
40223,7,7,100.0 
40224,4,0,0.0 
40225,3,3,100.0 
40226,2,2,100.0 
40227,1,1,100.0 
40228,10,2,20.0 
40229,13,9,69.2 
40230,13,5,38.5 
40231,7,5,71.4 
40341,4,1,25.0 
40342,7,6,85.7 
40343,8,5,62.5 
40344,4,3,75.0 
40345,6,2,33.3 
40348,1,1,100.0 
40349,6,2,33.3 
40381,4,0,0.0 
40382,1,0,0.0 
40383,2,3,150.0 
40384,0,0,-1
40401,1,1,100.0 
40402,4,1,25.0 
40421,2,0,0.0 
40447,3,3,100.0 
40448,2,0,0.0 
40503,0,0,-1
40522,1,2,200.0 
40544,3,0,0.0 
40601,3,0,0.0 
40602,3,3,100.0 
40604,1,0,0.0 
40605,7,1,14.3 
40608,0,0,-1
40609,1,1,100.0 
40610,4,4,100.0 
40621,9,5,55.6 
40625,2,0,0.0 
40642,3,1,33.3 
40646,1,0,0.0 
40647,4,2,50.0 
41201,29,15,51.7 
41202,37,10,27.0 
41203,10,5,50.0 
41204,4,2,50.0 
41205,7,4,57.1 
41206,7,2,28.6 
41207,6,4,66.7 
41208,10,7,70.0 
41209,10,6,60.0 
41210,6,0,0.0 
41327,6,4,66.7 
41341,5,2,40.0 
41345,2,2,100.0 
41346,6,2,33.3 
41387,4,3,75.0 
41401,5,4,80.0 
41423,1,0,0.0 
41424,3,1,33.3 
41425,6,2,33.3 
41441,4,1,25.0 
42201,110,40,36.4 
42202,65,23,35.4 
42203,10,0,0.0 
42204,20,16,80.0 
42205,26,16,61.5 
42207,10,4,40.0 
42208,6,0,0.0 
42209,11,0,0.0 
42210,17,5,29.4 
42211,16,7,43.8 
42212,6,2,33.3 
42213,8,1,12.5 
42214,6,1,16.7 
42307,11,8,72.7 
42308,8,3,37.5 
42321,3,2,66.7 
42322,3,0,0.0 
42323,3,0,0.0 
42383,0,0,-1
42391,2,2,100.0 
42411,9,2,22.2 
43100,260,119,45.8 
43202,11,4,36.4 
43203,4,0,0.0 
43204,21,11,52.4 
43205,6,3,50.0 
43206,11,8,72.7 
43208,12,6,50.0 
43210,5,2,40.0 
43211,10,4,40.0 
43212,8,1,12.5 
43213,13,8,61.5 
43214,3,0,0.0 
43215,14,3,21.4 
43216,6,3,50.0 
43348,6,0,0.0 
43364,3,0,0.0 
43367,3,0,0.0 
43368,2,2,100.0 
43369,4,0,0.0 
43403,6,1,16.7 
43404,6,1,16.7 
43423,3,1,33.3 
43424,1,0,0.0 
43425,2,0,0.0 
43428,0,0,-1
43432,2,1,50.0 
43433,5,1,20.0 
43441,2,0,0.0 
43442,3,0,0.0 
43443,6,4,66.7 
43444,0,0,-1
43447,5,1,20.0 
43468,4,4,100.0 
43482,6,1,16.7 
43484,1,1,100.0 
43501,4,0,0.0 
43505,2,2,100.0 
43506,4,1,25.0 
43507,1,0,0.0 
43510,3,0,0.0 
43511,1,0,0.0 
43512,4,0,0.0 
43513,1,1,100.0 
43514,3,2,66.7 
43531,3,1,33.3 
44201,115,55,47.8 
44202,28,13,46.4 
44203,24,4,16.7 
44204,21,1,4.8 
44205,26,7,26.9 
44206,11,5,45.5 
44207,4,1,25.0 
44208,7,0,0.0 
44209,7,1,14.3 
44210,18,1,5.6 
44211,26,4,15.4 
44212,16,2,12.5 
44213,15,3,20.0 
44214,16,5,31.3 
44322,2,0,0.0 
44341,8,4,50.0 
44461,5,2,40.0 
44462,2,2,100.0 
45201,82,40,48.8 
45202,34,18,52.9 
45203,39,14,35.9 
45204,10,3,30.0 
45205,11,4,36.4 
45206,16,1,6.3 
45207,5,0,0.0 
45208,7,0,0.0 
45209,10,2,20.0 
45341,1,0,0.0 
45361,6,0,0.0 
45382,4,1,25.0 
45383,2,2,100.0 
45401,5,5,100.0 
45402,8,1,12.5 
45403,2,1,50.0 
45404,1,0,0.0 
45405,3,2,66.7 
45406,2,0,0.0 
45421,7,0,0.0 
45429,2,0,0.0 
45430,0,0,-1
45431,3,0,0.0 
45441,7,1,14.3 
45442,5,1,20.0 
45443,1,0,0.0 
46201,134,110,82.1 
46203,15,5,33.3 
46204,9,5,55.6 
46206,10,2,20.0 
46208,20,5,25.0 
46210,8,2,25.0 
46213,7,0,0.0 
46214,4,1,25.0 
46215,29,4,13.8 
46216,22,14,63.6 
46217,11,1,9.1 
46218,21,5,23.8 
46219,4,2,50.0 
46220,12,8,66.7 
46221,8,3,37.5 
46222,16,5,31.3 
46223,9,1,11.1 
46224,8,1,12.5 
46225,23,16,69.6 
46303,2,0,0.0 
46304,0,0,-1
46392,4,0,0.0 
46404,4,0,0.0 
46452,5,1,20.0 
46468,2,0,0.0 
46482,3,1,33.3 
46490,0,0,-1
46491,7,1,14.3 
46492,6,2,33.3 
46501,4,3,75.0 
46502,0,0,-1
46505,5,1,20.0 
46523,1,1,100.0 
46524,1,1,100.0 
46525,7,0,0.0 
46527,2,1,50.0 
46529,8,0,0.0 
46530,12,1,8.3 
46531,4,0,0.0 
46532,5,1,20.0 
46533,1,1,100.0 
46534,3,1,33.3 
46535,1,1,100.0 
47201,69,51,73.9 
47205,30,16,53.3 
47207,23,2,8.7 
47208,22,9,40.9 
47209,4,4,100.0 
47210,27,12,44.4 
47211,19,12,63.2 
47212,23,18,78.3 
47213,31,16,51.6 
47214,17,7,41.2 
47215,18,10,55.6 
47301,5,2,40.0 
47302,2,0,0.0 
47303,0,0,-1
47306,4,0,0.0 
47308,3,0,0.0 
47311,7,1,14.3 
47313,2,0,0.0 
47314,3,0,0.0 
47315,5,0,0.0 
47324,4,4,100.0 
47325,4,2,50.0 
47326,6,3,50.0 
47327,9,6,66.7 
47328,7,4,57.1 
47329,9,4,44.4 
47348,3,1,33.3 
47350,4,2,50.0 
47353,5,1,20.0 
47354,1,1,100.0 
47355,0,0,-1
47356,0,0,-1
47357,0,0,-1
47358,1,1,100.0 
47359,0,0,-1
47360,0,0,-1
47361,4,1,25.0 
47362,6,0,0.0 
47375,1,0,0.0 
47381,6,2,33.3 
47382,0,0,-1
