1100,67,21,31.3
1202,27,9,33.3
1203,23,5,21.7
1204,33,10,30.3
1205,20,6,30
1206,25,6,24
1207,29,6,20.7
1208,26,4,15.4
1209,8,2,25
1210,22,2,9.1
1211,16,3,18.8
1212,14,5,35.7
1213,27,4,14.8
1214,18,5,27.8
1215,14,2,14.3
1216,11,0,0
1217,25,11,44
1218,10,0,0
1219,16,1,6.3
1220,13,2,15.4
1221,15,3,20
1222,10,0,0
1223,16,2,12.5
1224,23,6,26.1
1225,16,2,12.5
1226,13,2,15.4
1227,8,2,25
1228,14,4,28.6
1229,16,5,31.3
1230,19,3,15.8
1231,21,7,33.3
1233,16,2,12.5
1234,22,7,31.8
1235,19,6,31.6
1236,20,3,15
1303,15,3,20
1304,7,0,0
1331,11,0,0
1332,9,0,0
1333,10,3,30
1334,10,0,0
1337,14,2,14.3
1343,9,1,11.1
1345,13,1,7.7
1346,14,3,21.4
1347,10,1,10
1361,12,1,8.3
1362,9,0,0
1363,9,0,0
1364,9,1,11.1
1367,8,0,0
1370,12,2,16.7
1371,12,1,8.3
1391,7,0,0
1392,9,0,0
1393,8,0,0
1394,10,1,10
1395,10,1,10
1396,8,1,12.5
1397,9,1,11.1
1398,8,0,0
1399,10,1,10
1400,16,2,12.5
1401,11,1,9.1
1402,14,2,14.3
1403,8,0,0
1404,7,0,0
1405,9,1,11.1
1406,10,1,10
1407,9,2,22.2
1408,16,5,31.3
1409,8,1,12.5
1423,11,3,27.3
1424,9,2,22.2
1425,8,1,12.5
1427,9,0,0
1428,12,1,8.3
1429,11,1,9.1
1430,8,0,0
1431,8,0,0
1432,10,5,50
1433,9,1,11.1
1434,9,0,0
1436,8,0,0
1437,8,2,25
1438,10,1,10
1452,11,2,18.2
1453,12,2,16.7
1454,10,1,10
1455,9,1,11.1
1456,9,0,0
1457,11,1,9.1
1458,11,4,36.4
1459,13,3,23.1
1460,14,1,7.1
1461,10,2,20
1462,8,2,25
1463,8,2,25
1464,8,1,12.5
1465,9,1,11.1
1468,7,1,14.3
1469,10,2,20
1470,5,0,0
1471,8,0,0
1472,9,0,0
1481,10,2,20
1482,8,0,0
1483,8,1,12.5
1484,11,1,9.1
1485,7,2,28.6
1486,7,0,0
1487,9,1,11.1
1511,8,1,12.5
1512,10,1,10
1513,8,0,0
1514,12,0,0
1516,10,0,0
1517,9,0,0
1518,8,0,0
1519,9,0,0
1520,8,0,0
1543,14,1,7.1
1544,10,1,10
1545,13,2,15.4
1546,9,0,0
1547,10,2,20
1549,10,2,20
1550,8,0,0
1552,10,2,20
1555,15,3,20
1559,10,0,0
1560,9,1,11.1
1561,8,1,12.5
1562,7,0,0
1563,10,2,20
1564,12,0,0
1571,8,1,12.5
1575,9,0,0
1578,14,2,14.3
1581,11,3,27.3
1584,12,4,33.3
1585,12,3,25
1586,13,4,30.8
1601,14,1,7.1
1602,10,1,10
1604,10,1,10
1607,13,3,23.1
1608,10,3,30
1609,11,0,0
1610,16,1,6.3
1631,20,6,30
1632,12,0,0
1633,11,3,27.3
1634,11,1,9.1
1635,12,3,25
1636,13,2,15.4
1637,16,3,18.8
1638,8,2,25
1639,8,2,25
1641,12,0,0
1642,13,1,7.7
1643,18,8,44.4
1644,12,0,0
1645,9,0,0
1646,11,3,27.3
1647,13,4,30.8
1648,7,1,14.3
1649,11,3,27.3
1661,16,3,18.8
1662,12,1,8.3
1663,10,2,20
1664,12,2,16.7
1665,11,2,18.2
1667,9,0,0
1668,12,2,16.7
1691,16,3,18.8
1692,15,6,40
1693,10,1,10
1694,10,0,0
2201,32,9,28.1
2202,27,4,14.8
2203,28,7,25
2204,16,2,12.5
2205,22,1,4.5
2206,22,6,27.3
2207,18,3,16.7
2208,22,2,9.1
2209,18,3,16.7
2210,16,1,6.3
2301,12,1,8.3
2303,7,0,0
2304,8,0,0
2307,11,1,9.1
2321,11,0,0
2323,12,0,0
2343,5,1,20
2361,12,1,8.3
2362,10,2,20
2367,8,1,12.5
2381,12,0,0
2384,12,1,8.3
2387,13,1,7.7
2401,12,2,16.7
2402,16,1,6.3
2405,12,1,8.3
2406,10,0,0
2408,16,1,6.3
2411,16,0,0
2412,16,2,12.5
2423,10,0,0
2424,14,0,0
2425,8,0,0
2426,8,0,0
2441,14,2,14.3
2442,14,0,0
2443,9,1,11.1
2445,16,1,6.3
2446,14,0,0
2450,8,0,0
3201,38,8,21.1
3202,22,3,13.6
3203,20,1,5
3205,25,3,12
3206,26,8,30.8
3207,20,3,15
3208,16,3,18.8
3209,25,5,20
3210,16,2,12.5
3211,18,2,11.1
3213,18,1,5.6
3214,17,0,0
3215,28,4,14.3
3216,20,5,25
3301,15,2,13.3
3302,10,2,20
3303,14,2,14.3
3321,18,6,33.3
3322,18,5,27.8
3366,12,2,16.7
3381,15,2,13.3
3402,12,2,16.7
3441,12,1,8.3
3461,12,1,8.3
3482,14,1,7.1
3483,13,1,7.7
3501,12,2,16.7
3507,15,2,13.3
3524,13,2,15.4
3484,10,0,0
3485,10,0,0
3503,10,2,20
3506,12,2,16.7
4100,54,14,25.9
4202,28,4,14.3
4203,18,4,22.2
4205,23,1,4.3
4206,16,2,12.5
4207,21,7,33.3
4208,16,1,6.3
4209,18,4,22.2
4211,16,5,31.3
4212,26,5,19.2
4213,23,1,4.3
4214,18,3,16.7
4215,28,4,14.3
4216,18,5,27.8
4301,13,3,23.1
4302,8,1,12.5
4321,15,1,6.7
4322,12,0,0
4323,18,4,22.2
4324,13,1,7.7
4341,14,3,21.4
4361,15,3,20
4362,12,4,33.3
4401,14,2,14.3
4404,13,3,23.1
4406,16,2,12.5
4421,16,3,18.8
4422,12,2,16.7
4424,12,2,16.7
4444,13,1,7.7
4445,17,2,11.8
4501,13,2,15.4
4505,13,1,7.7
4581,11,2,18.2
4606,13,1,7.7
5201,36,4,11.1
5202,20,3,15
5203,25,2,8
5204,26,4,15.4
5206,16,1,6.3
5207,17,1,5.9
5209,17,0,0
5210,20,3,15
5211,17,2,11.8
5212,24,3,12.5
5213,17,4,23.5
5214,15,1,6.7
5215,16,2,12.5
5303,10,1,10
5327,8,2,25
5346,10,0,0
5348,15,1,6.7
5349,12,2,16.7
5361,13,3,23.1
5363,10,1,10
5366,11,1,9.1
5368,12,3,25
5434,16,2,12.5
5463,12,0,0
5464,10,0,0
6201,33,5,15.2
6202,24,5,20.8
6203,26,4,15.4
6204,24,3,12.5
6205,18,3,16.7
6206,16,1,6.3
6207,15,3,20
6208,15,3,20
6209,16,2,12.5
6210,21,5,23.8
6211,18,2,11.1
6212,14,2,14.3
6213,16,1,6.3
6301,12,2,16.7
6302,10,1,10
6321,14,2,14.3
6322,10,1,10
6323,12,1,8.3
6324,11,1,9.1
6341,9,0,0
6361,10,1,10
6362,10,2,20
6363,10,0,0
6364,10,1,10
6365,10,1,10
6366,10,2,20
6367,9,0,0
6381,15,2,13.3
6382,13,2,15.4
6401,10,2,20
6402,12,1,8.3
6403,10,0,0
6426,10,0,0
6428,14,4,28.6
6461,12,2,16.7
7201,35,8,22.9
7202,27,5,18.5
7203,38,5,13.2
7204,37,7,18.9
7205,24,2,8.3
7207,24,2,8.3
7208,22,2,9.1
7209,18,2,11.1
7210,21,1,4.8
7211,18,1,5.6
7212,22,1,4.5
7213,21,2,9.5
7214,20,1,5
7301,12,3,25
7303,12,1,8.3
7308,12,2,16.7
7322,12,4,33.3
7342,12,2,16.7
7344,10,1,10
7362,12,1,8.3
7364,8,0,0
7367,12,1,8.3
7368,16,1,6.3
7402,10,1,10
7405,12,2,16.7
7407,10,2,20
7408,14,3,21.4
7421,14,4,28.6
7422,9,1,11.1
7423,10,0,0
7444,8,1,12.5
7445,8,1,12.5
7446,8,0,0
7447,16,2,12.5
7461,16,1,6.3
7464,10,2,20
7465,8,0,0
7466,14,2,14.3
7481,14,2,14.3
7482,10,1,10
7483,13,0,0
7484,9,0,0
7501,14,4,28.6
7502,12,2,16.7
7503,12,1,8.3
7504,10,0,0
7505,10,0,0
7521,16,3,18.8
7522,11,2,18.2
7541,8,1,12.5
7542,11,0,0
7543,10,2,20
7544,10,1,10
7545,12,1,8.3
7546,8,0,0
7547,15,0,0
7548,8,0,0
7561,12,0,0
7564,10,0,0
8201,28,8,28.6
8202,24,6,25
8203,24,5,20.8
8204,24,5,20.8
8205,21,2,9.5
8207,18,4,22.2
8208,22,5,22.7
8210,18,2,11.1
8211,19,1,5.3
8212,15,1,6.7
8214,14,1,7.1
8215,19,4,21.1
8216,22,5,22.7
8217,24,8,33.3
8219,22,6,27.3
8220,28,8,28.6
8221,25,5,20
8222,20,2,10
8223,16,1,6.3
8224,20,5,25
8225,18,2,11.1
8226,18,1,5.6
8227,23,4,17.4
8228,18,1,5.6
8229,18,4,22.2
8230,16,0,0
8231,16,2,12.5
8232,23,3,13
8233,18,0,0
8234,18,1,5.6
8235,18,5,27.8
8236,20,1,5
8302,16,2,12.5
8309,12,2,16.7
8310,14,3,21.4
8341,18,3,16.7
8364,11,2,18.2
8442,12,2,16.7
8443,18,2,11.1
8447,10,1,10
8521,14,2,14.3
8542,10,1,10
8546,11,1,9.1
8564,10,2,20
9201,45,12,26.7
9202,23,9,39.1
9203,28,3,10.7
9204,23,1,4.3
9205,23,2,8.7
9206,24,2,8.3
9208,27,4,14.8
9209,20,3,15
9210,21,4,19
9211,14,4,28.6
9213,24,3,12.5
9214,18,3,16.7
9215,15,1,6.7
9216,17,3,17.6
9301,14,1,7.1
9342,14,3,21.4
9343,12,1,8.3
9344,12,1,8.3
9345,12,1,8.3
9361,16,3,18.8
9364,13,2,15.4
9384,11,0,0
9386,11,1,9.1
9407,13,3,23.1
9411,13,2,15.4
10201,38,7,18.4
10202,38,5,13.2
10203,21,1,4.8
10204,28,5,17.9
10205,30,4,13.3
10206,18,3,16.7
10207,18,6,33.3
10208,18,4,22.2
10209,18,2,11.1
10210,18,3,16.7
10211,20,3,15
10212,18,3,16.7
10344,12,2,16.7
10345,14,1,7.1
10366,7,0,0
10367,8,0,0
10382,10,0,0
10383,8,0,0
10384,12,1,8.3
10421,15,2,13.3
10424,10,1,10
10425,12,2,16.7
10426,11,0,0
10428,10,1,10
10429,11,2,18.2
10443,12,1,8.3
10444,10,1,10
10448,12,3,25
10449,14,2,14.3
10464,12,3,25
10521,12,2,16.7
10522,12,3,25
10523,11,1,9.1
10524,13,2,15.4
10525,14,4,28.6
11100,60,16,26.7
11201,34,11,32.4
11202,30,5,16.7
11203,40,13,32.5
11206,20,2,10
11207,19,3,15.8
11208,33,10,30.3
11209,17,6,35.3
11210,25,9,36
11211,21,5,23.8
11212,21,5,23.8
11214,29,6,20.7
11215,22,5,22.7
11216,14,2,14.3
11217,24,7,29.2
11218,24,4,16.7
11219,30,11,36.7
11221,27,5,18.5
11222,32,10,31.3
11223,18,6,33.3
11224,26,5,19.2
11225,20,5,25
11227,24,8,33.3
11228,14,2,14.3
11229,17,7,41.2
11230,26,12,46.2
11231,19,8,42.1
11232,25,8,32
11233,20,7,35
11234,20,7,35
11235,21,6,28.6
11237,24,7,29.2
11238,20,6,30
11239,20,8,40
11240,15,3,20
11241,18,3,16.7
11242,16,3,18.8
11243,20,6,30
11245,21,7,33.3
11246,18,4,22.2
11301,16,4,25
11324,15,8,53.3
11326,14,2,14.3
11327,11,5,45.5
11341,14,1,7.1
11342,13,3,23.1
11343,16,2,12.5
11346,14,2,14.3
11347,14,5,35.7
11348,11,2,18.2
11349,11,2,18.2
11361,12,2,16.7
11362,12,1,8.3
11363,9,1,11.1
11365,11,0,0
11369,7,1,14.3
11381,10,2,20
11383,10,4,40
11385,14,1,7.1
11408,16,3,18.8
11442,14,5,35.7
11464,15,3,20
11465,15,3,20
12100,50,11,22
12202,18,4,22.2
12203,42,9,21.4
12204,49,17,34.7
12205,18,4,22.2
12206,23,6,26.1
12207,44,12,27.3
12208,28,4,14.3
12210,22,4,18.2
12211,30,3,10
12212,28,10,35.7
12213,19,3,15.8
12215,20,4,20
12216,28,3,10.7
12217,36,7,19.4
12218,15,2,13.3
12219,32,6,18.8
12220,28,9,32.1
12221,28,6,21.4
12222,24,6,25
12223,18,4,22.2
12224,24,3,12.5
12225,22,2,9.1
12226,16,3,18.8
12227,21,6,28.6
12228,20,5,25
12229,22,8,36.4
12230,19,4,21.1
12231,22,9,40.9
12232,18,10,55.6
12233,18,5,27.8
12234,18,3,16.7
12235,18,2,11.1
12236,22,1,4.5
12237,18,2,11.1
12238,18,3,16.7
12239,18,2,11.1
12322,16,5,31.3
12329,14,6,42.9
12342,10,1,10
12347,14,3,21.4
12349,14,3,21.4
12403,14,4,28.6
12409,12,1,8.3
12410,15,4,26.7
12421,14,1,7.1
12422,12,3,25
12423,16,1,6.3
12424,14,1,7.1
12426,12,3,25
12427,10,1,10
12441,12,1,8.3
12443,10,1,10
12463,12,3,25
13101,24,8,33.3
13102,30,13,43.3
13103,33,13,39.4
13104,38,14,36.8
13105,34,11,32.4
13106,32,12,37.5
13107,32,11,34.4
13108,40,10,25
13109,39,13,33.3
13110,36,14,38.9
13111,50,14,28
13112,50,20,40
13113,34,15,44.1
13114,42,12,28.6
13115,48,24,50
13116,36,16,44.4
13117,38,14,36.8
13118,31,10,32.3
13119,45,16,35.6
13120,50,18,36
13121,44,13,29.5
13122,39,13,33.3
13123,44,16,36.4
13201,38,13,34.2
13202,26,11,42.3
13203,26,12,46.2
13204,28,12,42.9
13205,24,6,25
13206,28,7,25
13207,22,4,18.2
13208,28,11,39.3
13209,35,11,31.4
13210,23,9,39.1
13211,28,9,32.1
13212,24,10,41.7
13213,25,10,40
13214,22,8,36.4
13215,21,9,42.9
13218,18,2,11.1
13219,22,9,40.9
13220,22,5,22.7
13221,20,9,45
13222,22,7,31.8
13223,20,5,25
13224,24,10,41.7
13225,22,6,27.3
13227,17,2,11.8
13228,21,6,28.6
13229,27,9,33.3
13303,15,4,26.7
13305,14,2,14.3
13307,8,1,12.5
13308,10,3,30
13361,14,2,14.3
13362,6,1,16.7
13363,10,2,20
13364,8,0,0
13381,7,0,0
13382,6,2,33.3
13401,12,3,25
13402,6,0,0
13421,8,0,0
14100,85,22,25.9
14130,60,16,26.7
14150,46,10,21.7
14201,38,5,13.2
14203,26,6,23.1
14204,25,8,32
14205,36,10,27.8
14206,27,10,37
14207,27,8,29.6
14208,16,6,37.5
14210,13,3,23.1
14211,24,4,16.7
14212,28,8,28.6
14213,28,6,21.4
14214,20,3,15
14215,22,8,36.4
14216,22,6,27.3
14217,16,5,31.3
14218,18,6,33.3
14301,14,5,35.7
14321,18,3,16.7
14341,14,7,50
14342,14,5,35.7
14361,12,1,8.3
14362,13,3,23.1
14363,12,2,16.7
14364,12,5,41.7
14366,12,3,25
14382,14,3,21.4
14383,10,2,20
14384,14,2,14.3
14401,14,3,21.4
14402,8,1,12.5
15100,50,8,16
15202,34,4,11.8
15204,22,2,9.1
15205,22,5,22.7
15206,24,3,12.5
15208,16,2,12.5
15209,14,2,14.3
15210,24,5,20.8
15211,17,6,35.3
15212,20,3,15
15213,20,2,10
15216,18,3,16.7
15217,15,4,26.7
15218,20,3,15
15222,32,8,25
15223,16,1,6.3
15224,21,2,9.5
15225,18,2,11.1
15226,21,2,9.5
15227,14,1,7.1
15307,14,6,42.9
15342,10,0,0
15361,14,4,28.6
15385,12,2,16.7
15405,10,3,30
15461,11,4,36.4
15482,12,4,33.3
15504,12,1,8.3
15581,10,1,10
15586,7,0,0
16201,35,3,8.6
16202,24,4,16.7
16204,17,2,11.8
16205,17,2,11.8
16206,14,1,7.1
16207,16,3,18.8
16208,17,4,23.5
16209,15,2,13.3
16210,17,3,17.6
16211,21,0,0
16321,7,1,14.3
16322,11,2,18.2
16323,13,1,7.7
16342,13,0,0
16343,10,1,10
17201,38,7,18.4
17202,17,3,17.6
17203,22,2,9.1
17204,15,1,6.7
17205,12,0,0
17206,17,1,5.9
17207,13,0,0
17209,14,0,0
17210,21,2,9.5
17211,15,2,13.3
17212,15,4,26.7
17324,10,0,0
17361,16,1,6.3
17365,12,1,8.3
17384,12,1,8.3
17386,12,2,16.7
17407,9,3,33.3
17461,10,1,10
17463,13,1,7.7
18201,31,3,9.7
18202,22,3,13.6
18204,17,2,11.8
18205,16,3,18.8
18206,14,3,21.4
18207,20,3,15
18208,16,2,12.5
18209,20,2,10
18210,22,3,13.6
18322,14,1,7.1
18382,8,0,0
18404,12,1,8.3
18423,13,1,7.7
18442,14,1,7.1
18481,14,3,21.4
18483,13,2,15.4
18501,13,0,0
19201,32,5,15.6
19202,20,1,5
19204,16,1,6.3
19205,17,4,23.5
19206,13,0,0
19207,16,3,18.8
19208,22,3,13.6
19209,20,4,20
19210,19,3,15.8
19211,19,5,26.3
19212,14,1,7.1
19213,17,4,23.5
19214,18,3,16.7
19346,13,1,7.7
19364,8,0,0
19365,14,1,7.1
19366,10,0,0
19368,13,3,23.1
19384,14,2,14.3
19422,10,0,0
19423,9,2,22.2
19424,12,1,8.3
19425,12,0,0
19429,10,0,0
19430,15,2,13.3
19442,8,0,0
19443,6,0,0
20201,36,9,25
20202,30,12,40
20203,27,5,18.5
20204,18,3,16.7
20205,23,2,8.7
20206,15,5,33.3
20207,20,1,5
20208,19,5,26.3
20209,21,5,23.8
20210,15,5,33.3
20211,20,2,10
20212,16,2,12.5
20213,16,2,12.5
20214,18,3,16.7
20215,18,3,16.7
20217,26,5,19.2
20218,20,4,20
20219,17,4,23.5
20220,20,3,15
20303,11,2,18.2
20309,14,2,14.3
20304,10,2,20
20305,8,2,25
20306,8,0,0
20307,8,1,12.5
20321,16,5,31.3
20323,14,4,28.6
20324,12,3,25
20350,10,1,10
20349,10,1,10
20361,13,5,38.5
20362,11,3,27.3
20363,11,3,27.3
20382,14,3,21.4
20383,15,5,33.3
20384,12,2,16.7
20385,10,3,30
20386,10,1,10
20388,12,2,16.7
20402,14,2,14.3
20403,14,2,14.3
20404,11,2,18.2
20407,12,1,8.3
20409,7,0,0
20410,8,0,0
20411,10,4,40
20412,7,0,0
20413,8,1,12.5
20414,9,1,11.1
20415,11,2,18.2
20416,12,2,16.7
20417,8,3,37.5
20422,10,2,20
20423,10,1,10
20432,11,3,27.3
20425,9,2,22.2
20429,6,0,0
20430,10,4,40
20446,8,0,0
20448,8,3,37.5
20450,11,1,9.1
20451,10,5,50
20452,12,2,16.7
20481,11,4,36.4
20482,12,2,16.7
20485,12,2,16.7
20486,10,2,20
20521,13,2,15.4
20541,13,4,30.8
20543,12,1,8.3
20561,13,3,23.1
20562,9,1,11.1
20563,8,0,0
20583,11,0,0
20590,15,3,20
20588,10,1,10
20602,10,1,10
21201,38,6,15.8
21202,22,6,27.3
21203,24,4,16.7
21204,20,3,15
21205,22,2,9.1
21206,21,5,23.8
21207,12,1,8.3
21208,16,3,18.8
21209,18,1,5.6
21210,18,3,16.7
21211,16,5,31.3
21212,18,1,5.6
21213,22,5,22.7
21214,22,3,13.6
21215,13,3,23.1
21216,18,1,5.6
21217,13,4,30.8
21218,16,3,18.8
21219,18,3,16.7
21220,14,3,21.4
21221,15,3,20
21302,10,2,20
21303,10,2,20
21341,11,4,36.4
21361,13,2,15.4
21362,8,2,25
21381,10,1,10
21382,9,1,11.1
21383,10,2,20
21401,15,1,6.7
21403,10,2,20
21404,10,0,0
21421,9,2,22.2
21501,10,1,10
21502,8,1,12.5
21503,8,0,0
21504,7,0,0
21505,10,2,20
21506,9,1,11.1
21507,7,1,14.3
21521,12,3,25
21604,7,2,28.6
22100,47,3,6.4
22130,45,14,31.1
22203,28,5,17.9
22205,15,1,6.7
22206,22,7,31.8
22207,22,4,18.2
22208,20,6,30
22209,19,5,26.3
22210,32,7,21.9
22211,25,3,12
22212,21,4,19
22213,20,6,30
22214,21,4,19
22215,21,2,9.5
22216,19,3,15.8
22219,12,1,8.3
22220,19,4,21.1
22221,18,6,33.3
22222,14,3,21.4
22223,13,0,0
22224,17,4,23.5
22225,17,6,35.3
22226,15,2,13.3
22301,12,2,16.7
22302,10,0,0
22304,11,0,0
22305,8,1,12.5
22306,10,1,10
22325,16,2,12.5
22341,13,4,30.8
22342,15,2,13.3
22344,13,2,15.4
22424,12,3,25
22429,11,2,18.2
22461,12,2,16.7
23100,68,19,27.9
23201,36,10,27.8
23202,37,5,13.5
23203,38,10,26.3
23204,26,5,19.2
23205,22,5,22.7
23206,31,4,12.9
23207,30,7,23.3
23208,17,3,17.6
23209,22,3,13.6
23210,27,4,14.8
23211,45,4,8.9
23212,28,8,28.6
23213,30,5,16.7
23214,20,3,15
23215,18,4,22.2
23216,18,4,22.2
23217,20,3,15
23219,24,6,25
23220,26,7,26.9
23221,18,2,11.1
23222,22,3,13.6
23223,19,8,42.1
23224,18,2,11.1
23225,19,2,10.5
23226,20,3,15
23227,14,4,28.6
23228,15,6,40
23229,20,4,20
23230,20,10,50
23231,18,2,11.1
23232,17,2,11.8
23233,21,5,23.8
23234,20,6,30
23235,16,4,25
23236,20,5,25
23237,22,3,13.6
23238,16,6,37.5
23302,15,4,26.7
23342,10,2,20
23361,15,3,20
23362,16,1,6.3
23424,12,2,16.7
23425,14,4,28.6
23427,10,1,10
23441,14,3,21.4
23442,16,4,25
23445,12,1,8.3
23446,12,1,8.3
23447,16,3,18.8
23501,16,4,25
23561,10,1,10
23562,8,2,25
23563,8,0,0
24201,33,7,21.2
24202,34,10,29.4
24203,23,2,8.7
24204,27,8,29.6
24205,26,9,34.6
24207,28,3,10.7
24208,17,5,29.4
24209,9,3,33.3
24210,18,4,22.2
24211,12,1,8.3
24212,12,3,25
24214,18,5,27.8
24215,18,4,22.2
24216,22,8,36.4
24303,8,1,12.5
24324,14,4,28.6
24341,18,2,11.1
24343,11,2,18.2
24344,11,1,9.1
24441,10,1,10
24442,14,5,35.7
24443,11,1,9.1
24461,12,3,25
24470,10,0,0
24471,10,1,10
24472,12,1,8.3
24543,14,2,14.3
24561,9,1,11.1
24562,10,1,10
25201,38,7,18.4
25202,24,6,25
25203,21,4,19
25204,21,5,23.8
25206,24,5,20.8
25207,20,7,35
25208,18,5,27.8
25209,24,4,16.7
25210,17,4,23.5
25211,18,4,22.2
25212,16,4,25
25213,23,2,8.7
25214,16,1,6.3
25383,14,3,21.4
25384,12,2,16.7
25425,14,1,7.1
25441,12,2,16.7
25442,10,0,0
25443,10,1,10
26100,67,18,26.9
26201,23,2,8.7
26202,25,5,20
26203,18,6,33.3
26204,28,10,35.7
26205,13,3,23.1
26206,24,4,16.7
26207,19,7,36.8
26208,17,6,35.3
26209,22,8,36.4
26210,21,6,28.6
26211,20,5,25
26212,20,4,20
26213,20,1,5
26214,20,5,25
26303,12,2,16.7
26322,14,3,21.4
26343,10,0,0
26344,12,1,8.3
26364,8,2,25
26365,10,0,0
26366,18,4,22.2
26367,10,1,10
26407,13,2,15.4
26463,9,2,22.2
26465,15,0,0
27100,81,21,25.9
27140,47,7,14.9
27202,0,,0
27203,33,9,27.3
27204,21,4,19
27205,34,11,32.4
27206,16,3,18.8
27207,34,11,32.4
27208,17,2,11.8
27209,21,4,19
27210,32,11,34.4
27211,27,9,33.3
27212,25,7,28
27213,17,1,5.9
27214,18,7,38.9
27215,23,7,30.4
27216,16,1,6.3
27217,18,3,16.7
27218,17,3,17.6
27219,24,3,12.5
27220,23,12,52.2
27221,16,5,31.3
27222,18,7,38.9
27223,20,6,30
27224,16,3,18.8
27225,15,3,20
27226,14,2,14.3
27227,38,8,21.1
27228,15,4,26.7
27229,12,3,25
27230,15,6,40
27231,14,3,21.4
27232,11,2,18.2
27301,13,6,46.2
27321,11,6,54.5
27322,12,3,25
27341,10,4,40
27361,12,3,25
27362,10,3,30
27366,12,1,8.3
27381,10,2,20
27382,10,5,50
27383,7,1,14.3
28100,65,17,26.2
28201,45,10,22.2
28202,39,12,30.8
28203,30,10,33.3
28204,41,10,24.4
28205,18,3,16.7
28206,21,6,28.6
28207,28,8,28.6
28208,14,2,14.3
28209,22,2,9.1
28210,31,7,22.6
28229,20,2,10
28212,18,2,11.1
28213,16,1,6.3
28214,25,13,52
28215,16,4,25
28216,19,3,15.8
28217,24,7,29.2
28218,16,7,43.8
28219,22,5,22.7
28220,15,3,20
28221,18,6,33.3
28222,16,3,18.8
28223,18,4,22.2
28224,17,4,23.5
28225,18,2,11.1
28226,18,1,5.6
28227,14,1,7.1
28228,16,4,25
28301,16,8,50
28365,14,1,7.1
28381,14,3,21.4
28382,13,4,30.8
28446,11,0,0
28442,12,3,25
28443,14,1,7.1
28464,15,1,6.7
28481,10,1,10
28501,14,1,7.1
28585,15,0,0
28586,16,2,12.5
29201,37,6,16.2
29202,17,2,11.8
29203,19,4,21.1
29204,16,3,18.8
29205,23,7,30.4
29206,16,1,6.3
29207,12,1,8.3
29208,12,1,8.3
29209,22,9,40.9
29210,16,3,18.8
29211,14,2,14.3
29212,12,3,25
29322,10,2,20
29342,12,3,25
29343,11,6,54.5
29344,12,3,25
29345,9,0,0
29361,12,3,25
29362,9,1,11.1
29363,13,0,0
29385,6,0,0
29386,7,1,14.3
29401,7,1,14.3
29402,9,1,11.1
29424,12,3,25
29425,12,5,41.7
29426,14,4,28.6
29427,12,2,16.7
29441,9,1,11.1
29442,11,3,27.3
29443,8,1,12.5
29444,6,1,16.7
29446,7,0,0
29447,6,0,0
29449,7,0,0
29450,6,0,0
29451,6,0,0
29452,8,1,12.5
29453,7,0,0
30201,36,9,25
30202,18,3,16.7
30203,18,4,22.2
30204,15,1,6.7
30205,14,2,14.3
30206,17,3,17.6
30207,15,3,20
30208,18,4,22.2
30209,14,3,21.4
30304,12,0,0
30341,12,1,8.3
30343,10,2,20
30344,10,1,10
30361,9,1,11.1
30362,9,1,11.1
30366,14,1,7.1
30381,10,2,20
30382,11,1,9.1
30383,10,1,10
30390,12,0,0
30391,12,1,8.3
30392,12,1,8.3
30401,12,1,8.3
30404,12,3,25
30406,9,1,11.1
30421,11,2,18.2
30422,10,0,0
30424,9,2,22.2
30427,5,1,20
30428,13,0,0
31201,31,7,22.6
31202,26,5,19.2
31203,16,4,25
31204,15,1,6.7
31302,12,2,16.7
31325,9,0,0
31328,12,2,16.7
31329,14,4,28.6
31364,12,2,16.7
31370,10,1,10
31371,15,1,6.7
31372,15,2,13.3
31384,10,2,20
31386,14,3,21.4
31389,14,2,14.3
31390,14,1,7.1
31401,9,1,11.1
31402,10,1,10
31403,10,0,0
32201,31,6,19.4
32202,21,2,9.5
32203,29,2,6.9
32204,20,3,15
32205,16,0,0
32206,18,2,11.1
32207,16,2,12.5
32209,18,3,16.7
32343,14,2,14.3
32386,10,1,10
32441,8,2,25
32448,11,1,9.1
32449,13,2,15.4
32501,11,1,9.1
32505,12,1,8.3
32525,10,2,20
32526,9,0,0
32527,8,0,0
32528,16,3,18.8
33100,46,7,15.2
33202,43,8,18.6
33203,25,3,12
33204,19,5,26.3
33205,20,1,5
33207,17,1,5.9
33208,22,2,9.1
33209,16,1,6.3
33210,15,1,6.7
33211,16,1,6.3
33212,17,4,23.5
33213,17,3,17.6
33214,23,3,13
33215,18,2,11.1
33216,15,4,26.7
33346,12,2,16.7
33423,10,1,10
33445,10,2,20
33461,12,1,8.3
33586,8,2,25
33606,14,2,14.3
33622,12,1,8.3
33623,10,2,20
33643,8,1,12.5
33663,8,0,0
33666,14,1,7.1
33681,12,4,33.3
34100,52,11,21.2
34202,32,5,15.6
34203,14,2,14.3
34204,25,4,16
34205,28,4,14.3
34207,38,6,15.8
34208,18,2,11.1
34209,22,3,13.6
34210,20,4,20
34211,15,1,6.7
34212,30,8,26.7
34213,28,7,25
34214,16,3,18.8
34215,16,2,12.5
34302,18,2,11.1
34304,16,4,25
34307,13,1,7.7
34309,12,2,16.7
34368,12,3,25
34369,11,1,9.1
34431,10,1,10
34462,12,1,8.3
34545,10,1,10
35201,34,5,14.7
35202,28,2,7.1
35203,32,2,6.3
35204,20,1,5
35206,25,5,20
35207,19,4,21.1
35208,27,2,7.4
35210,18,4,22.2
35211,18,4,22.2
35212,16,2,12.5
35213,16,2,12.5
35215,29,6,20.7
35216,21,3,14.3
35305,14,2,14.3
35321,10,3,30
35341,10,2,20
35343,12,0,0
35344,12,4,33.3
35502,8,2,25
36201,30,9,30
36202,22,2,9.1
36203,17,2,11.8
36204,26,6,23.1
36205,20,1,5
36206,20,2,10
36207,18,3,16.7
36208,19,1,5.3
36301,10,3,30
36302,8,1,12.5
36321,7,1,14.3
36341,14,2,14.3
36342,8,1,12.5
36368,14,2,14.3
36383,8,2,25
36387,12,0,0
36388,14,3,21.4
36401,10,2,20
36402,13,2,15.4
36403,16,2,12.5
36404,12,2,16.7
36405,12,2,16.7
36468,12,4,33.3
36489,14,2,14.3
37201,39,10,25.6
37202,24,4,16.7
37203,18,2,11.1
37204,16,2,12.5
37205,20,3,15
37206,20,2,10
37207,16,4,25
37208,22,1,4.5
37322,12,1,8.3
37324,14,1,7.1
37341,16,3,18.8
37364,9,1,11.1
37386,10,4,40
37387,16,1,6.3
37403,10,2,20
37404,14,4,28.6
37406,15,2,13.3
38201,43,11,25.6
38202,27,3,11.1
38203,24,4,16.7
38204,15,3,20
38205,26,6,23.1
38206,27,5,18.5
38207,21,2,9.5
38210,16,1,6.3
38213,22,4,18.2
38214,18,4,22.2
38215,15,3,20
38356,12,1,8.3
38386,13,2,15.4
38401,14,4,28.6
38402,15,2,13.3
38422,14,1,7.1
38442,14,0,0
38484,7,0,0
38488,12,1,8.3
38506,13,2,15.4
39201,34,7,20.6
39202,12,3,25
39203,14,2,14.3
39204,21,4,19
39205,15,2,13.3
39206,14,2,14.3
39208,14,3,21.4
39209,12,1,8.3
39210,18,3,16.7
39211,18,2,11.1
39212,18,5,27.8
39301,8,0,0
39302,10,0,0
39303,10,2,20
39304,10,0,0
39305,8,2,25
39306,8,1,12.5
39307,10,3,30
39341,10,2,20
39344,10,2,20
39363,9,1,11.1
39364,6,0,0
39386,18,4,22.2
39387,10,0,0
39401,12,0,0
39402,14,2,14.3
39403,10,3,30
39405,8,0,0
39410,10,1,10
39411,9,2,22.2
39412,15,1,6.7
39424,10,1,10
39427,8,2,25
39428,14,3,21.4
40100,55,12,21.8
40130,62,14,22.6
40202,23,6,26.1
40203,36,6,16.7
40204,19,2,10.5
40205,27,2,7.4
40206,18,2,11.1
40207,19,1,5.3
40210,22,2,9.1
40211,17,3,17.6
40212,13,2,15.4
40213,20,3,15
40214,13,3,23.1
40215,16,3,18.8
40216,18,4,22.2
40217,22,4,18.2
40218,20,6,30
40219,20,6,30
40220,20,4,20
40221,16,4,25
40223,19,4,21.1
40224,18,4,22.2
40225,13,1,7.7
40226,16,1,6.3
40227,16,1,6.3
40228,18,3,16.7
40229,16,3,18.8
40230,20,3,15
40231,17,5,29.4
40341,12,1,8.3
40342,12,4,33.3
40343,14,4,28.6
40344,12,1,8.3
40345,12,2,16.7
40348,10,0,0
40349,16,2,12.5
40381,12,1,8.3
40382,13,4,30.8
40383,13,3,23.1
40384,13,1,7.7
40401,12,3,25
40402,13,2,15.4
40421,10,1,10
40447,13,2,15.4
40448,10,1,10
40503,12,1,8.3
40522,12,1,8.3
40544,13,2,15.4
40601,13,1,7.7
40602,11,2,18.2
40604,12,1,8.3
40605,16,4,25
40608,11,0,0
40609,10,0,0
40610,18,2,11.1
40621,16,2,12.5
40625,14,2,14.3
40642,10,1,10
40646,12,0,0
40647,14,0,0
41201,35,5,14.3
41202,25,3,12
41203,22,5,22.7
41204,15,2,13.3
41205,20,4,20
41206,20,1,5
41207,16,2,12.5
41208,20,5,25
41209,16,4,25
41210,18,2,11.1
41327,12,1,8.3
41341,13,5,38.5
41345,10,0,0
41346,16,1,6.3
41387,10,0,0
41401,16,0,0
41423,8,1,12.5
41424,10,3,30
41425,16,2,12.5
41441,11,2,18.2
42201,40,4,10
42202,33,3,9.1
42203,19,2,10.5
42204,24,4,16.7
42205,25,3,12
42207,18,1,5.6
42208,14,1,7.1
42209,19,1,5.3
42210,16,2,12.5
42211,15,2,13.3
42212,18,1,5.6
42213,19,0,0
42214,18,2,11.1
42307,16,5,31.3
42308,14,2,14.3
42321,8,0,0
42322,14,2,14.3
42323,12,2,16.7
42383,8,0,0
42391,10,0,0
42411,16,2,12.5
43100,47,6,12.8
43202,27,0,0
43203,16,2,12.5
43204,17,2,11.8
43205,16,5,31.3
43206,20,2,10
43215,26,1,3.8
43208,19,2,10.5
43210,20,3,15
43211,18,1,5.6
43212,14,1,7.1
43213,20,4,20
43214,18,1,5.6
43216,19,4,21.1
43348,10,1,10
43364,10,0,0
43369,11,1,9.1
43367,12,2,16.7
43368,14,3,21.4
43403,16,1,6.3
43404,18,3,16.7
43423,9,1,11.1
43424,10,2,20
43425,8,1,12.5
43428,10,0,0
43433,13,1,7.7
43432,10,1,10
43441,14,3,21.4
43442,11,1,9.1
43443,18,1,5.6
43444,11,2,18.2
43447,14,3,21.4
43468,12,0,0
43482,14,1,7.1
43484,10,1,10
43501,12,1,8.3
43514,14,3,21.4
43505,10,2,20
43506,10,0,0
43507,8,1,12.5
43510,10,2,20
43511,8,0,0
43512,10,1,10
43513,9,0,0
43531,10,0,0
44201,44,4,9.1
44202,25,4,16
44203,23,6,26.1
44204,22,2,9.1
44205,22,2,9.1
44206,18,2,11.1
44207,12,1,8.3
44208,15,3,20
44209,16,1,6.3
44210,18,1,5.6
44211,20,2,10
44212,18,2,11.1
44213,18,2,11.1
44214,18,2,11.1
44322,8,0,0
44341,15,3,20
44461,12,3,25
44462,14,2,14.3
45201,39,8,20.5
45202,29,8,27.6
45203,27,5,18.5
45204,18,4,22.2
45205,19,3,15.8
45206,20,3,15
45207,13,1,7.7
45208,15,3,20
45209,14,3,21.4
45341,12,3,25
45361,10,3,30
45382,12,1,8.3
45383,10,3,30
45401,14,2,14.3
45402,12,2,16.7
45403,8,0,0
45404,9,1,11.1
45405,13,5,38.5
45406,10,0,0
45421,14,1,7.1
45429,8,1,12.5
45430,10,0,0
45431,10,0,0
45441,13,3,23.1
45442,8,0,0
45443,9,0,0
46201,45,12,26.7
46203,26,4,15.4
46204,12,4,33.3
46206,14,2,14.3
46208,20,3,15
46210,17,2,11.8
46213,13,3,23.1
46214,14,2,14.3
46215,26,4,15.4
46216,19,3,15.8
46217,18,1,5.6
46218,25,3,12
46219,15,2,13.3
46220,15,2,13.3
46221,20,3,15
46222,22,2,9.1
46223,18,3,16.7
46224,16,3,18.8
46225,22,3,13.6
46303,7,0,0
46304,8,0,0
46392,16,2,12.5
46404,14,0,0
46452,12,1,8.3
46468,12,1,8.3
46482,10,2,20
46490,12,2,16.7
46491,12,3,25
46492,14,0,0
46501,12,1,8.3
46502,10,1,10
46505,16,2,12.5
46523,8,0,0
46524,8,1,12.5
46525,10,2,20
46527,10,0,0
46529,12,1,8.3
46530,16,0,0
46531,14,1,7.1
46532,14,1,7.1
46533,12,3,25
46534,12,1,8.3
46535,10,1,10
47201,40,13,32.5
47205,25,3,12
47207,22,4,18.2
47208,25,2,8
47209,25,4,16
47210,21,3,14.3
47211,29,4,13.8
47212,21,4,19
47213,27,2,7.4
47214,22,2,9.1
47215,19,3,15.8
47301,9,1,11.1
47302,10,2,20
47303,8,1,12.5
47306,11,2,18.2
47308,12,1,8.3
47311,16,2,12.5
47313,12,1,8.3
47314,16,2,12.5
47315,9,0,0
47324,19,3,15.8
47325,15,1,6.7
47326,18,7,38.9
47327,13,2,15.4
47328,14,2,14.3
47329,19,2,10.5
47348,13,2,15.4
47350,15,4,26.7
47353,6,0,0
47354,6,1,16.7
47355,7,1,14.3
47356,6,0,0
47357,8,1,12.5
47358,5,0,0
47359,8,0,0
47360,8,1,12.5
47361,14,1,7.1
47362,15,1,6.7
47375,7,0,0
47381,12,2,16.7
47382,10,0,0
