1100,2290,255,11.1
1202,176,16,9.1
1203,147,8,5.4
1204,1156,51,4.4
1205,147,11,7.5
1206,473,40,8.5
1207,753,52,6.9
1208,760,44,5.8
1209,76,4,5.3
1210,218,14,6.4
1211,192,12,6.3
1212,133,8,6
1213,82,4,4.9
1214,65,1,1.5
1215,232,9,3.9
1216,36,1,2.8
1217,163,17,10.4
1218,40,0,0
1219,74,3,4.1
1220,65,1,1.5
1221,72,2,2.8
1222,91,8,8.8
1223,107,4,3.7
1224,146,8,5.5
1225,278,18,6.5
1226,86,2,2.3
1227,18,2,11.1
1228,129,1,0.8
1229,189,6,3.2
1230,93,5,5.4
1231,60,2,3.3
1233,102,3,2.9
1234,163,14,8.6
1235,120,9,7.5
1236,86,4,4.7
1303,43,0,0
1304,31,1,3.2
1331,23,0,0
1332,28,0,0
1333,13,0,0
1334,25,1,4
1337,0,0,
1343,26,1,3.8
1345,39,2,5.1
1346,125,1,0.8
1347,23,0,0
1361,32,3,9.4
1362,20,0,0
1363,20,0,0
1364,16,0,0
1367,31,0,0
1370,75,5,6.7
1371,66,1,1.5
1391,8,0,0
1392,20,0,0
1393,42,2,4.8
1394,89,0,0
1395,56,10,17.9
1396,42,7,16.7
1397,20,2,10
1398,24,0,0
1399,39,1,2.6
1400,96,6,6.3
1401,67,7,10.4
1402,88,8,9.1
1403,8,0,0
1404,18,4,22.2
1405,23,0,0
1406,20,1,5
1407,34,3,8.8
1408,45,0,0
1409,15,2,13.3
1423,20,0,0
1424,66,1,1.5
1425,8,0,0
1427,30,1,3.3
1428,46,1,2.2
1429,63,2,3.2
1430,13,0,0
1431,14,0,0
1432,11,0,0
1433,31,0,0
1434,11,0,0
1436,11,0,0
1437,10,0,0
1438,0,0,
1452,43,0,0
1453,60,1,1.7
1454,28,0,0
1455,34,1,2.9
1456,45,0,0
1457,62,6,9.7
1458,5,0,0
1459,32,1,3.1
1460,103,3,2.9
1461,52,1,1.9
1462,5,0,0
1463,12,1,8.3
1464,12,0,
1465,11,0,0
1468,0,0,
1469,17,0,0
1470,2,0,0
1471,17,0,0
1472,15,0,0
1481,57,4,7
1482,35,0,0
1483,15,0,0
1484,92,2,2.2
1485,17,0,0
1486,24,0,0
1487,1,0,0
1511,13,0,0
1512,32,1,3.1
1513,22,2,9.1
1514,34,0,0
1516,31,1,3.2
1517,29,0,0
1518,26,0,0
1519,18,0,0
1520,24,0,0
1543,65,0,0
1544,49,2,4.1
1545,37,1,2.7
1546,0,0,
1547,56,2,3.6
1549,29,0,0
1550,31,0,0
1552,17,0,0
1555,92,1,1.1
1559,30,0,0
1560,16,1,6.3
1561,28,0,0
1562,16,1,6.3
1563,28,0,0
1564,48,0,0
1571,27,0,0
1575,32,1,3.1
1578,99,8,8.1
1581,34,0,0
1584,41,3,7.3
1585,33,1,3
1586,53,0,0
1601,67,1,1.5
1602,14,1,7.1
1604,34,0,0
1607,78,0,0
1608,25,0,0
1609,46,0,0
1610,159,2,1.3
1631,182,6,3.3
1632,70,3,4.3
1633,50,1,2
1634,57,3,5.3
1635,89,6,6.7
1636,130,0,0
1637,89,2,2.2
1638,31,2,6.5
1639,24,0,0
1641,39,0,0
1642,37,0,0
1643,111,3,2.7
1644,20,0,0
1645,34,0,0
1646,75,1,1.3
1647,89,1,1.1
1648,31,0,0
1649,59,0,0
1661,56,2,3.6
1662,29,0,0
1663,28,0,0
1664,39,0,
1665,36,0,0
1667,13,0,0
1668,78,2,2.6
1691,103,2,1.9
1692,44,1,2.3
1693,44,0,0
1694,17,0,0
2201,405,18,4.4
2202,325,8,2.5
2203,462,19,4.1
2204,126,1,0.8
2205,267,37,13.9
2206,274,18,6.6
2207,109,11,10.1
2208,162,5,3.1
2209,131,3,2.3
2210,63,0,0
2301,59,3,5.1
2303,16,0,0
2304,10,0,0
2307,40,2,5
2321,70,2,2.9
2323,35,0,0
2343,7,0,0
2361,48,4,8.3
2362,22,0,0
2367,21,0,0
2381,40,1,2.5
2384,40,1,2.5
2387,36,0,0
2401,23,0,0
2402,122,16,13.1
2405,52,4,7.7
2406,29,1,3.4
2408,109,7,6.4
2411,27,0,0
2412,55,2,3.6
2423,17,1,5.9
2424,29,1,3.4
2425,4,0,0
2426,7,0,0
2441,24,1,4.2
2442,62,1,1.6
2443,48,3,6.3
2445,65,1,1.5
2446,19,1,5.3
2450,45,3,6.7
3201,384,24,6.3
3202,234,8,3.4
3203,130,5,3.8
3205,0,0,
3206,0,0,
3207,143,4,2.8
3208,62,1,1.6
3209,485,10,2.1
3210,105,10,9.5
3211,135,14,10.4
3213,164,14,8.5
3214,12,0,0
3215,0,0,
3216,32,4,12.5
3301,66,3,4.5
3302,32,1,3.1
3303,82,0,0
3321,131,6,4.6
3322,43,1,2.3
3366,29,0,0
3381,47,0,0
3402,21,0,0
3441,22,1,4.5
3461,28,1,3.6
3482,29,2,6.9
3483,95,4,4.2
3484,23,0,0
3485,13,0,0
3501,89,9,10.1
3503,30,2,6.7
3506,31,0,0
3507,73,7,9.6
3524,76,0,0
4100,1399,183,13.1
4202,383,11,2.9
4203,166,14,8.4
4205,205,10,4.9
4206,113,2,1.8
4207,281,25,8.9
4208,93,0,0
4209,46,3,6.5
4211,77,7,9.1
4212,302,4,1.3
4213,253,2,0.8
4214,70,2,2.9
4215,364,5,1.4
4216,49,2,4.1
4301,23,0,0
4302,7,0,
4321,42,2,4.8
4322,21,0,0
4323,42,0,0
4324,22,0,0
4341,98,0,0
4361,70,2,2.9
4362,24,1,4.2
4401,12,1,8.3
4404,35,2,5.7
4406,26,2,7.7
4421,62,3,4.8
4422,1,0,0
4424,14,0,0
4444,25,0,0
4445,79,0,0
4501,29,1,3.4
4505,66,0,0
4581,33,0,0
4606,69,0,0
5201,1009,45,4.5
5202,348,6,1.7
5203,683,44,6.4
5204,0,0,
5206,143,4,2.8
5207,320,6,1.9
5209,188,3,1.6
5210,485,13,2.7
5211,108,2,1.9
5212,526,9,1.7
5213,239,7,2.9
5214,103,3,2.9
5215,0,0,
5303,44,4,9.1
5327,20,1,5
5346,35,0,0
5348,104,4,3.8
5349,34,1,2.9
5361,70,2,2.9
5363,32,0,0
5366,29,0,0
5368,22,0,0
5434,19,0,0
5463,21,0,0
5464,14,0,0
6201,545,17,3.1
6202,453,23,5.1
6203,463,6,1.3
6204,452,6,1.3
6205,212,10,4.7
6206,205,3,1.5
6207,99,2,2
6208,135,0,0
6209,137,0,
6210,138,2,1.4
6211,155,2,1.3
6212,92,0,0
6213,149,2,1.3
6301,111,10,9
6302,65,1,1.5
6321,108,1,0.9
6322,49,0,0
6323,55,0,0
6324,58,0,0
6341,41,1,2.4
6361,31,0,0
6362,51,2,3.9
6363,35,1,2.9
6364,78,3,3.8
6365,27,0,0
6366,49,1,2
6367,36,0,0
6381,121,0,0
6382,153,1,0.7
6401,76,12,15.8
6402,104,1,1
6403,69,1,1.4
6426,27,0,0
6428,115,0,0
6461,108,0,0
7201,865,57,6.6
7202,502,17,3.4
7203,659,49,7.4
7204,529,10,1.9
7205,167,1,0.6
7207,116,2,1.7
7208,272,3,1.1
7209,76,0,0
7210,372,8,2.2
7211,100,1,1
7212,182,6,3.3
7213,422,11,2.6
7214,114,5,4.4
7301,50,0,0
7303,64,0,0
7308,15,0,0
7322,17,0,0
7342,13,0,0
7344,21,0,0
7362,38,0,0
7364,0,0,
7367,27,1,3.7
7368,95,2,2.1
7402,20,0,0
7405,90,4,4.4
7407,25,2,8
7408,108,11,10.2
7421,81,1,1.2
7422,33,0,0
7423,47,0,0
7444,18,0,0
7445,30,0,0
7446,10,0,0
7447,156,3,1.9
7461,52,5,9.6
7464,107,15,14
7465,11,1,9.1
7466,96,7,7.3
7481,53,0,0
7482,21,0,0
7483,43,0,0
7484,7,0,
7501,39,0,0
7502,14,0,0
7503,18,0,0
7504,26,0,0
7505,10,0,0
7521,47,0,0
7522,27,0,0
7541,26,2,7.7
7542,18,1,5.6
7543,27,1,3.7
7544,8,0,0
7545,21,1,4.8
7546,17,0,0
7547,49,0,0
7548,11,0,0
7561,15,0,0
7564,20,0,0
8201,1260,145,11.5
8202,23,2,8.7
8203,171,3,1.8
8204,223,8,3.6
8205,298,18,6
8207,190,10,5.3
8208,179,7,3.9
8210,308,19,6.2
8211,217,8,3.7
8212,123,0,0
8214,342,37,10.8
8215,63,0,0
8216,309,12,3.9
8217,82,6,7.3
8219,64,4,6.3
8220,596,58,9.7
8221,84,1,1.2
8222,100,2,2
8223,66,0,0
8224,158,19,12
8225,92,0,0
8226,68,1,1.5
8227,437,30,6.9
8228,154,5,3.2
8229,97,2,2.1
8230,185,8,4.3
8231,119,2,1.7
8232,85,0,0
8233,92,0,0
8234,155,4,2.6
8235,218,16,7.3
8236,120,0,0
8302,90,0,0
8309,177,27,15.3
8310,404,52,12.9
8341,28,0,0
8364,65,0,0
8442,48,4,8.3
8443,67,4,6
8447,71,5,7
8521,62,1,1.6
8542,15,0,0
8546,54,3,5.6
8564,36,0,0
9201,784,39,5
9202,222,5,2.3
9203,469,10,2.1
9204,166,10,6
9205,147,1,0.7
9206,225,2,0.9
9208,260,7,2.7
9209,132,3,2.3
9210,166,4,2.4
9211,65,1,1.5
9213,213,11,5.2
9214,75,3,4
9215,102,1,1
9216,145,7,4.8
9301,93,6,6.5
9342,71,3,4.2
9343,124,1,0.8
9344,85,3,3.5
9345,14,0,0
9361,81,7,8.6
9364,91,9,9.9
9384,54,1,1.9
9386,49,0,0
9407,88,1,1.1
9411,37,0,0
10201,284,3,1.1
10202,528,8,1.5
10203,124,1,0.8
10204,170,3,1.8
10205,199,4,2
10206,81,0,0
10207,66,0,0
10208,105,0,0
10209,79,0,0
10210,76,2,2.6
10211,101,1,1
10212,32,1,3.1
10344,21,0,0
10345,13,0,0
10366,12,0,0
10367,21,0,0
10382,31,0,0
10383,55,1,1.8
10384,25,0,0
10421,87,0,0
10424,10,0,0
10425,11,0,0
10426,1,0,0
10428,13,0,0
10429,22,0,0
10443,8,0,0
10444,1,0,0
10448,33,3,9.1
10449,59,0,0
10464,26,0,0
10521,15,0,0
10522,16,0,0
10523,17,0,0
10524,30,0,0
10525,34,0,0
11100,860,84,9.8
11201,291,17,5.8
11202,362,16,4.4
11203,230,13,5.7
11206,180,10,5.6
11207,80,1,1.3
11208,277,25,9
11209,134,2,1.5
11210,181,3,1.7
11211,85,0,0
11212,121,5,4.1
11214,198,12,6.1
11215,118,7,5.9
11216,74,0,0
11217,232,24,10.3
11218,198,1,0.5
11219,114,4,3.5
11221,119,10,8.4
11222,378,20,5.3
11223,37,3,8.1
11224,47,3,6.4
11225,118,5,4.2
11227,82,11,13.4
11228,38,1,2.6
11229,96,0,0
11230,61,10,16.4
11231,78,3,3.8
11232,257,17,6.6
11233,111,6,5.4
11234,44,2,4.5
11235,55,3,5.5
11237,126,11,8.7
11238,92,7,7.6
11239,154,11,7.1
11240,105,7,6.7
11241,79,7,8.9
11242,78,4,5.1
11243,94,4,4.3
11245,58,7,12.1
11246,45,2,4.4
11301,22,1,4.5
11324,14,1,7.1
11326,68,17,25
11327,29,1,3.4
11341,15,1,6.7
11342,35,1,2.9
11343,76,0,0
11346,79,4,5.1
11347,75,7,9.3
11348,28,2,7.1
11349,49,0,0
11361,23,0,0
11362,37,1,2.7
11363,27,2,7.4
11365,67,0,0
11369,21,0,0
11381,23,0,0
11383,24,0,0
11385,92,3,3.3
11408,67,0,0
11442,76,4,5.3
11464,45,2,4.4
11465,78,7,9
12100,1101,142,12.9
12202,226,19,8.4
12203,226,32,14.2
12204,891,125,14
12205,152,8,5.3
12206,224,7,3.1
12207,349,35,10
12208,328,20,6.1
12210,235,9,3.8
12211,285,24,8.4
12212,254,32,12.6
12213,77,1,1.3
12215,155,1,0.6
12216,249,45,18.1
12217,295,33,11.2
12218,49,0,0
12219,512,27,5.3
12220,184,16,8.7
12221,253,34,13.4
12222,189,27,14.3
12223,97,3,3.1
12224,102,9,8.8
12225,204,5,2.5
12226,107,1,0.9
12227,84,10,11.9
12228,87,8,9.2
12229,191,9,4.7
12230,39,3,7.7
12231,195,6,3.1
12232,97,8,8.2
12233,114,12,10.5
12234,116,1,0.9
12235,104,2,1.9
12236,310,6,1.9
12237,266,11,4.1
12238,91,0,0
12239,117,7,6
12322,40,5,12.5
12329,38,2,5.3
12342,23,1,4.3
12347,53,0,0
12349,34,0,0
12403,45,0,0
12409,1,0,0
12410,89,2,2.2
12421,36,0,0
12422,16,0,0
12423,41,1,2.4
12424,32,1,3.1
12426,48,3,6.3
12427,28,0,0
12441,63,0,0
12443,10,0,0
12463,26,0,0
13101,109,6,5.5
13102,175,13,7.4
13103,223,21,9.4
13104,198,25,12.6
13105,151,11,7.3
13106,197,7,3.6
13107,170,8,4.7
13108,274,44,16.1
13109,201,23,11.4
13110,82,10,12.2
13111,218,15,6.9
13112,0,0,
13113,105,14,13.3
13114,107,13,12.1
13115,155,28,18.1
13116,129,15,11.6
13117,181,26,14.4
13118,120,6,5
13119,211,23,10.9
13120,246,39,15.9
13121,427,64,15
13122,241,13,5.4
13123,273,36,13.2
13201,579,57,9.8
13202,177,26,14.7
13203,0,0,
13204,104,25,24
13205,163,0,
13206,379,66,17.4
13207,96,11,11.5
13208,328,82,25
13209,310,56,18.1
13210,72,14,19.4
13211,353,87,24.6
13212,228,42,18.4
13213,285,65,22.8
13214,126,31,24.6
13215,68,9,13.2
13218,32,0,0
13219,0,0,
13220,71,14,19.7
13221,146,30,20.5
13222,117,28,23.9
13223,55,8,14.5
13224,0,0,0
13225,37,7,18.9
13227,39,1,2.6
13228,83,5,6
13229,210,49,23.3
13303,39,2,5.1
13305,28,0,0
13307,26,0,0
13308,18,0,0
13361,0,0,
13362,0,0,
13363,1,0,0
13364,1,0,
13381,5,0,0
13382,0,0,
13401,3,0,0
13402,0,0,
13421,0,0,
14100,2833,356,12.6
14130,608,60,9.9
14150,583,62,10.6
14201,363,26,7.2
14203,225,21,9.3
14204,178,17,9.6
14205,474,76,16
14206,250,6,2.4
14207,135,11,8.1
14208,78,16,20.5
14210,54,5,9.3
14211,235,10,4.3
14212,214,7,3.3
14213,160,15,9.4
14214,101,10,9.9
14215,60,1,1.7
14216,173,27,15.6
14217,34,2,5.9
14218,14,1,7.1
14301,28,3,10.7
14321,22,2,9.1
14341,24,0,0
14342,20,0,0
14361,27,1,3.7
14362,40,2,5
14363,26,0,0
14364,53,2,3.8
14366,14,0,0
14382,35,0,0
14383,9,1,11.1
14384,11,0,0
14401,21,0,0
14402,32,3,9.4
15100,2053,145,7.1
15202,946,40,4.2
15204,222,0,0
15205,304,7,2.3
15206,332,15,4.5
15208,113,0,0
15209,85,0,0
15210,51,0,0
15211,173,4,2.3
15212,276,3,1.1
15213,202,4,2
15216,174,1,0.6
15217,190,4,2.1
15218,387,40,10.3
15222,820,6,0.7
15223,282,11,3.9
15224,625,87,13.9
15225,122,0,0
15226,233,3,1.3
15227,136,3,2.2
15307,36,0,0
15342,20,0,0
15361,43,1,2.3
15385,117,1,0.9
15405,66,3,4.5
15461,51,0,0
15482,140,9,6.4
15504,20,0,0
15581,54,0,0
15586,2,0,0
16201,1423,65,4.6
16202,608,15,2.5
16204,251,15,6
16205,230,0,0
16206,142,8,5.6
16207,160,0,0
16208,253,3,1.2
16209,199,5,2.5
16210,31,1,3.2
16211,314,12,3.8
16321,12,1,8.3
16322,118,8,6.8
16323,144,6,4.2
16342,130,1,0.8
16343,10,0,0
17201,1345,82,6.1
17202,251,1,0.4
17203,245,3,1.2
17204,453,33,7.3
17205,156,1,0.6
17206,282,6,2.1
17207,66,0,0
17209,55,0,0
17210,389,6,1.5
17211,74,1,1.4
17212,54,5,9.3
17324,21,0,0
17361,86,2,2.3
17365,17,0,0
17384,136,2,1.5
17386,52,0,0
17407,44,1,2.3
17461,120,4,3.3
17463,193,4,2.1
18201,1530,85,5.6
18202,130,1,0.8
18204,148,1,0.7
18205,209,3,1.4
18206,112,0,
18207,154,5,3.2
18208,132,0,0
18209,252,3,1.2
18210,435,15,3.4
18322,89,0,0
18382,33,0,0
18404,74,0,0
18423,123,0,0
18442,38,0,0
18481,58,0,0
18483,63,0,0
18501,85,0,0
19201,511,24,4.7
19202,33,0,0
19204,88,8,9.1
19205,88,4,4.5
19206,171,6,3.5
19207,98,3,3.1
19208,86,1,1.2
19209,122,1,0.8
19210,136,3,2.2
19211,132,1,0.8
19212,111,1,0.9
19213,100,3,3
19214,60,0,0
19346,53,2,3.8
19364,29,0,0
19365,128,4,3.1
19366,28,2,7.1
19368,15,0,0
19384,12,0,0
19422,28,4,14.3
19423,5,0,0
19424,3,0,0
19425,5,0,0
19429,2,0,0
19430,67,2,3
19442,8,0,0
19443,8,0,0
20201,476,7,1.5
20202,485,12,2.5
20203,241,1,0.4
20204,21,0,0
20205,20,0,0
20206,89,3,3.4
20207,69,0,0
20208,68,2,2.9
20209,89,0,0
20210,16,0,0
20211,76,2,2.6
20212,95,2,2.1
20213,107,1,0.9
20214,97,3,3.1
20215,66,1,1.5
20217,238,4,1.7
20218,71,0,0
20219,67,1,1.5
20220,83,2,2.4
20303,33,0,0
20304,8,0,0
20305,6,0,
20306,10,0,0
20307,9,0,0
20309,58,0,0
20321,30,0,0
20323,19,0,0
20324,16,0,0
20349,12,0,0
20350,17,1,5.9
20361,10,0,0
20362,39,0,0
20363,15,1,6.7
20382,17,0,0
20383,15,0,0
20384,44,3,6.8
20385,12,0,0
20386,27,0,0
20388,11,0,0
20402,68,3,4.4
20403,7,0,0
20404,60,4,6.7
20407,8,0,0
20409,10,1,10
20410,23,0,0
20411,15,0,0
20412,7,0,0
20413,37,5,13.5
20414,19,0,
20415,8,0,0
20416,56,1,1.8
20417,27,4,14.8
20422,40,3,7.5
20423,58,3,5.2
20425,21,0,0
20429,9,1,11.1
20430,44,2,4.5
20432,134,11,8.2
20446,28,1,3.6
20448,10,0,0
20450,6,0,0
20451,5,1,20
20452,21,0,0
20481,32,1,3.1
20482,17,0,0
20485,30,1,3.3
20486,52,7,13.5
20521,27,0,0
20541,27,0,0
20543,26,0,0
20561,16,0,0
20562,26,0,0
20563,20,0,0
20583,97,0,0
20588,19,0,0
20590,27,0,0
20602,31,0,0
21201,2427,253,10.4
21202,489,15,3.1
21203,278,3,1.1
21204,50,2,4
21205,563,11,2
21206,164,2,1.2
21207,69,1,1.4
21208,107,0,0
21209,113,1,0.9
21210,459,19,4.1
21211,169,1,0.6
21212,249,6,2.4
21213,379,28,7.4
21214,126,5,4
21215,148,0,0
21216,94,4,4.3
21217,101,2,2
21218,118,5,4.2
21219,107,0,0
21220,89,0,0
21221,173,5,2.9
21302,34,2,5.9
21303,55,0,0
21341,124,1,0.8
21361,130,5,3.8
21362,50,1,2
21381,49,0,0
21382,25,0,0
21383,26,0,0
21401,121,1,0.8
21403,49,0,0
21404,46,0,0
21421,49,4,8.2
21501,18,0,
21502,23,0,0
21503,14,0,0
21504,32,1,3.1
21505,77,0,0
21506,65,0,0
21507,19,3,15.8
21521,68,2,2.9
21604,16,2,12.5
22100,953,41,4.3
22130,737,6,0.8
22203,289,11,3.8
22205,81,3,3.7
22206,143,5,3.5
22207,125,1,0.8
22208,152,6,3.9
22209,68,1,1.5
22210,387,12,3.1
22211,300,6,2
22212,35,0,0
22213,281,1,0.4
22214,52,1,1.9
22215,59,1,1.7
22216,174,3,1.7
22219,40,0,0
22220,85,6,7.1
22221,41,1,2.4
22222,128,1,0.8
22223,33,0,0
22224,131,3,2.3
22225,52,0,0
22226,76,0,0
22301,9,0,0
22302,23,0,0
22304,34,0,0
22305,35,0,0
22306,4,0,0
22325,34,0,0
22341,17,0,0
22342,42,2,4.8
22344,40,1,2.5
22424,4,0,0
22429,33,0,0
22461,68,0,0
23100,5348,1120,20.9
23201,424,17,4
23202,557,8,1.4
23203,812,76,9.4
23204,20,0,0
23205,42,2,4.8
23206,554,95,17.1
23207,183,6,3.3
23208,217,47,21.7
23209,119,1,0.8
23210,23,0,0
23211,298,4,1.3
23212,81,2,2.5
23213,400,6,1.5
23214,48,0,0
23215,317,33,10.4
23216,28,0,
23217,137,15,10.9
23219,129,8,6.2
23220,312,22,7.1
23221,135,1,0.7
23222,107,13,12.1
23223,313,55,17.6
23224,61,3,4.9
23225,31,0,0
23226,247,39,15.8
23227,18,0,0
23228,30,1,3.3
23229,182,25,13.7
23230,19,1,5.3
23231,127,0,0
23232,67,2,3
23233,38,4,10.5
23234,32,1,3.1
23235,77,2,2.6
23236,25,1,4
23237,42,0,0
23238,109,15,13.8
23302,18,1,5.6
23342,27,7,25.9
23361,11,1,9.1
23362,43,3,7
23424,49,4,8.2
23425,31,2,6.5
23427,1,0,0
23441,23,0,0
23442,15,2,13.3
23445,5,0,0
23446,18,0,0
23447,18,0,0
23501,23,0,0
23561,32,0,0
23562,18,0,0
23563,5,0,0
24201,1020,0,
24202,730,56,7.7
24203,175,10,5.7
24204,450,21,4.7
24205,682,52,7.6
24207,397,22,5.5
24208,183,13,7.1
24209,52,3,5.8
24210,250,18,7.2
24211,46,0,0
24212,111,1,0.9
24214,118,1,0.8
24215,50,1,2
24216,276,6,2.2
24303,36,2,5.6
24324,23,0,0
24341,39,1,2.6
24343,9,1,11.1
24344,10,0,0
24441,49,0,0
24442,95,6,6.3
24443,47,3,6.4
24461,69,4,5.8
24470,37,0,0
24471,24,0,0
24472,38,0,0
24543,16,0,0
24561,20,0,0
24562,17,1,5.9
25201,718,77,10.7
25202,325,16,4.9
25203,427,9,2.1
25204,170,4,2.4
25206,221,16,7.2
25207,71,3,4.2
25208,125,16,12.8
25209,202,2,1
25210,92,6,6.5
25211,43,3,7
25212,202,6,3
25213,404,16,4
25214,108,2,1.9
25383,83,1,1.2
25384,32,0,0
25425,61,0,0
25441,14,0,0
25442,13,0,0
25443,48,0,0
26100,0,0,
26201,325,2,0.6
26202,365,19,5.2
26203,193,5,2.6
26204,571,150,26.3
26205,102,3,2.9
26206,23,0,0
26207,126,28,22.2
26208,8,0,0
26209,56,6,10.7
26210,48,8,16.7
26211,49,1,2
26212,217,1,0.5
26213,177,4,2.3
26214,33,1,3
26303,60,14,23.3
26322,37,6,16.2
26343,12,0,0
26344,11,0,0
26364,6,0,0
26365,17,0,0
26366,42,3,7.1
26367,10,0,0
26407,85,0,0
26463,32,0,0
26465,24,0,0
27100,0,0,
27140,0,0,
27202,147,9,6.1
27203,458,95,20.7
27204,0,0,
27205,555,130,23.4
27206,74,5,6.8
27207,1039,305,29.4
27208,100,8,8
27209,173,21,12.1
27210,504,117,23.2
27211,497,115,23.1
27212,741,190,25.6
27213,83,9,10.8
27214,218,31,14.2
27215,200,30,15
27216,380,68,17.9
27217,255,50,19.6
27218,51,1,2
27219,200,24,12
27220,321,65,20.2
27221,115,2,1.7
27222,195,41,21
27223,117,15,12.8
27224,98,11,11.2
27225,51,6,11.8
27226,45,1,2.2
27227,392,19,4.8
27228,33,1,3
27229,32,5,15.6
27230,23,1,4.3
27231,83,16,19.3
27232,60,4,6.7
27301,45,8,17.8
27321,14,1,7.1
27322,44,1,2.3
27341,20,0,0
27361,39,8,20.5
27362,3,0,0
27366,61,6,9.8
27381,47,5,10.6
27382,33,0,0
27383,13,0,0
28100,2609,,
28201,925,39,4.2
28202,564,123,21.8
28203,477,103,21.6
28204,439,108,24.6
28205,161,6,3.7
28206,82,15,18.3
28207,194,37,19.1
28208,130,5,3.8
28209,359,0,0
28210,311,24,7.7
28212,97,5,5.2
28213,84,1,1.2
28214,210,49,23.3
28215,199,12,6
28216,122,8,6.6
28217,131,26,19.8
28218,90,4,4.4
28219,175,15,8.6
28220,141,0,0
28221,262,6,2.3
28222,151,2,1.3
28223,298,5,1.7
28224,203,4,2
28225,159,0,0
28226,231,2,0.9
28227,156,0,0
28228,96,2,2.1
28229,214,3,1.4
28301,49,2,4.1
28365,62,0,0
28381,65,3,4.6
28382,45,5,11.1
28442,30,1,3.3
28443,33,0,0
28446,40,0,0
28464,66,1,1.5
28481,121,6,5
28501,131,0,0
28585,119,0,0
28586,117,3,2.6
29201,1119,146,13
29202,135,13,9.6
29203,315,49,15.6
29204,135,3,2.2
29205,648,77,11.9
29206,106,1,0.9
29207,286,14,4.9
29208,119,6,5
29209,128,20,15.6
29210,47,3,6.4
29211,44,1,2.3
29212,216,8,3.7
29322,30,0,0
29342,40,4,10
29343,44,6,13.6
29344,172,38,22.1
29345,12,1,8.3
29361,20,1,5
29362,10,0,0
29363,100,2,2
29385,9,0,0
29386,4,0,0
29401,24,0,0
29402,40,0,0
29424,24,5,20.8
29425,54,5,9.3
29426,41,1,2.4
29427,21,4,19
29441,51,1,2
29442,50,1,2
29443,86,3,3.5
29444,12,0,0
29446,19,0,0
29447,13,0,0
29449,53,0,0
29450,8,0,0
29451,4,0,0
29452,26,2,7.7
29453,19,1,5.3
30201,1141,119,10.4
30202,244,20,8.2
30203,109,7,6.4
30204,71,0,0
30205,120,13,10.8
30206,211,10,4.7
30207,159,21,13.2
30208,199,10,5
30209,397,78,19.6
30304,65,7,10.8
30341,25,0,0
30343,12,0,0
30344,60,6,10
30361,47,6,12.8
30362,39,1,2.6
30366,106,1,0.9
30381,12,1,8.3
30382,21,0,0
30383,19,0,0
30390,31,0,0
30391,34,0,0
30392,79,6,7.6
30401,66,1,1.5
30404,98,9,9.2
30406,38,0,0
30421,55,1,1.8
30422,0,0,
30424,43,3,7
30427,4,0,0
30428,69,3,4.3
31201,824,34,4.1
31202,414,18,4.3
31203,218,4,1.8
31204,93,4,4.3
31302,120,3,2.5
31325,40,0,0
31328,89,4,4.5
31329,134,4,3
31364,61,1,1.6
31370,76,5,6.6
31371,156,13,8.3
31372,63,2,3.2
31384,7,0,0
31386,164,12,7.3
31389,92,8,8.7
31390,90,2,2.2
31401,33,0,0
31402,49,6,12.2
31403,40,1,2.5
32201,827,45,5.4
32202,114,12,10.5
32203,2283,223,9.8
32204,251,6,2.4
32205,414,16,3.9
32206,388,9,2.3
32207,218,13,6
32209,501,14,2.8
32343,118,0,0
32386,22,0,0
32441,30,0,0
32448,103,6,5.8
32449,39,0,0
32501,113,6,5.3
32505,53,2,3.8
32525,14,0,0
32526,15,0,0
32527,7,0,0
32528,100,3,3
33100,1714,0,
33202,51,3,5.9
33203,363,15,4.1
33204,0,0,
33205,23,0,0
33207,102,3,2.9
33208,397,23,5.8
33209,688,67,9.7
33210,837,126,15.1
33211,188,9,4.8
33212,340,39,11.5
33213,132,4,3
33214,836,72,8.6
33215,210,8,3.8
33216,352,33,9.4
33346,51,0,0
33423,28,0,0
33445,37,1,2.7
33461,60,4,6.7
33586,25,3,12
33606,93,0,0
33622,28,0,0
33623,19,0,0
33643,0,0,
33663,33,0,0
33666,81,1,1.2
33681,70,1,1.4
34100,0,0,
34202,430,40,9.3
34203,75,0,
34204,505,68,13.5
34205,453,40,8.8
34207,1012,67,6.6
34208,70,1,1.4
34209,19,0,0
34210,22,1,4.5
34211,68,5,7.4
34212,48,0,0
34213,296,42,14.2
34214,32,2,6.3
34215,31,1,3.2
34302,67,7,10.4
34304,43,5,11.6
34307,14,1,7.1
34309,17,2,11.8
34368,61,2,3.3
34369,157,5,3.2
34431,36,1,2.8
34462,125,7,5.6
34545,30,0,0
35201,794,53,6.7
35202,738,121,16.4
35203,766,60,7.8
35204,378,32,8.5
35206,254,14,5.5
35207,275,36,13.1
35208,779,79,10.1
35210,331,49,14.8
35211,221,5,2.3
35212,311,37,11.9
35213,427,48,11.2
35215,957,151,15.8
35216,338,35,10.4
35305,207,23,11.1
35321,22,0,0
35341,8,0,0
35343,73,4,5.5
35344,148,18,12.2
35502,43,2,4.7
36201,957,160,16.7
36202,14,0,0
36203,0,0,
36204,0,0,0
36205,355,41,11.5
36206,365,33,9
36207,305,35,11.5
36208,0,0,
36301,16,0,0
36302,11,0,0
36321,47,8,17
36341,130,8,6.2
36342,174,26,14.9
36368,196,32,16.3
36383,27,1,3.7
36387,30,0,0
36388,0,0,
36401,20,1,5
36402,0,0,
36403,134,31,23.1
36404,53,0,
36405,148,30,20.3
36468,173,25,14.5
36489,144,11,7.6
37201,2471,409,16.6
37202,843,142,16.8
37203,324,24,7.4
37204,317,48,15.1
37205,257,9,3.5
37206,363,39,10.7
37207,176,13,7.4
37208,530,40,7.5
37322,54,0,0
37324,33,1,3
37341,0,0,
37364,7,0,0
37386,48,5,10.4
37387,370,46,12.4
37403,109,8,7.3
37404,119,14,11.8
37406,182,9,4.9
38201,985,0,
38202,27,0,0
38203,500,28,5.6
38204,92,7,7.6
38205,298,33,11.1
38206,518,36,6.9
38207,30,0,0
38210,50,1,2
38213,0,0,
38214,323,12,3.7
38215,35,1,2.9
38356,6,0,0
38386,206,11,5.3
38401,23,0,0
38402,58,3,5.2
38422,41,2,4.9
38442,53,0,0
38484,10,0,0
38488,6,0,0
38506,176,5,2.8
39201,1136,167,14.7
39202,152,32,21.1
39203,0,0,
39204,42,1,2.4
39205,160,22,13.8
39206,0,0,
39208,140,17,12.1
39209,67,5,7.5
39210,165,5,3
39211,676,149,22
39212,183,25,13.7
39301,48,14,29.2
39302,25,1,4
39303,15,1,6.7
39304,36,8,22.2
39305,0,0,
39306,0,0,
39307,37,7,18.9
39341,1,0,0
39344,0,0,
39363,46,2,4.3
39364,18,2,11.1
39386,0,0,
39387,147,18,12.2
39401,136,43,31.6
39402,106,5,4.7
39403,62,6,9.7
39405,6,0,0
39410,82,17,20.7
39411,83,5,6
39412,219,23,10.5
39424,1,0,0
39427,13,2,15.4
39428,62,4,6.5
40100,2754,536,19.5
40130,152,12,7.9
40202,342,67,19.6
40203,667,60,9
40204,101,3,3
40205,270,17,6.3
40206,99,6,6.1
40207,324,9,2.8
40210,183,2,1.1
40211,75,2,2.7
40212,50,0,0
40213,183,2,1.1
40214,126,1,0.8
40215,61,10,16.4
40216,62,1,1.6
40217,82,6,7.3
40218,35,3,8.6
40219,28,2,7.1
40220,141,12,8.5
40221,44,5,11.4
40223,47,5,10.6
40224,103,9,8.7
40225,11,1,9.1
40226,85,2,2.4
40227,110,14,12.7
40228,224,6,2.7
40229,150,0,0
40230,164,4,2.4
40231,37,1,2.7
40341,48,3,6.3
40342,21,0,0
40343,30,4,13.3
40344,20,0,0
40345,24,1,4.2
40348,124,21,16.9
40349,24,1,4.2
40381,30,4,13.3
40382,31,2,6.5
40383,56,0,0
40384,23,2,8.7
40401,18,1,5.6
40402,42,0,0
40421,0,0,
40447,51,0,0
40448,15,0,0
40503,25,0,0
40522,46,0,0
40544,0,0,
40601,43,2,4.7
40602,34,1,2.9
40604,21,2,9.5
40605,42,3,7.1
40608,1,0,0
40609,7,0,0
40610,81,5,6.2
40621,48,2,4.2
40625,113,2,1.8
40642,20,1,5
40646,41,0,0
40647,66,4,6.1
41201,660,31,4.7
41202,364,5,1.4
41203,75,5,6.7
41204,104,2,1.9
41205,179,5,2.8
41206,107,0,0
41207,84,2,2.4
41208,181,3,1.7
41209,88,0,0
41210,121,2,1.7
41327,39,0,0
41341,17,1,5.9
41345,25,0,0
41346,57,0,0
41387,27,0,0
41401,16,0,0
41423,31,0,0
41424,35,1,2.9
41425,44,1,2.3
41441,55,0,0
42201,959,109,11.4
42202,611,31,5.1
42203,223,4,1.8
42204,226,5,2.2
42205,169,13,7.7
42207,163,1,0.6
42208,143,4,2.8
42209,181,2,1.1
42210,238,4,1.6
42211,227,13,5.7
42212,82,1,1.2
42213,219,3,1.4
42214,427,9,2.1
42307,52,6,11.5
42308,19,0,0
42321,34,1,2.9
42322,36,3,8.3
42323,22,1,4.5
42383,32,3,9.4
42391,32,4,12.5
42411,113,9,8
43100,915,61,6.7
43202,330,6,1.8
43203,89,2,2.2
43204,114,11,9.6
43205,26,0,0
43206,258,9,3.5
43208,259,5,1.9
43210,210,3,1.4
43211,156,7,4.5
43212,176,6,3.4
43213,176,3,1.7
43214,116,1,0.9
43215,361,9,2.5
43216,87,8,9.2
43348,86,1,1.2
43364,15,0,0
43367,72,2,2.8
43368,37,4,10.8
43369,66,0,0
43403,66,2,3
43404,63,7,11.1
43423,32,1,3.1
43424,33,0,
43425,5,0,0
43428,33,0,0
43432,48,3,6.3
43433,37,0,0
43441,79,1,1.3
43442,13,0,0
43443,68,1,1.5
43444,50,1,2
43447,133,0,0
43468,42,0,0
43482,84,1,1.2
43484,22,0,0
43501,26,0,0
43505,47,0,0
43506,23,0,0
43507,18,0,0
43510,18,1,5.6
43511,25,4,16
43512,16,0,0
43513,21,0,0
43514,53,0,0
43531,51,1,2
44201,684,35,5.1
44202,1,0,0
44203,372,17,4.6
44204,162,2,1.2
44205,1,0,0
44206,301,10,3.3
44207,31,0,0
44208,353,20,5.7
44209,164,9,5.5
44210,172,8,4.7
44211,343,7,2
44212,225,5,2.2
44213,149,5,3.4
44214,130,0,0
44322,6,0,0
44341,75,1,1.3
44461,0,0,
44462,269,10,3.7
45201,715,35,4.9
45202,297,9,3
45203,385,36,9.4
45204,153,2,1.3
45205,57,3,5.3
45206,96,7,7.3
45207,150,3,2
45208,131,2,1.5
45209,64,1,1.6
45341,30,0,0
45361,20,0,0
45382,62,2,3.2
45383,22,2,9.1
45401,84,2,2.4
45402,62,0,0
45403,8,0,0
45404,40,2,5
45405,6,1,16.7
45406,44,1,2.3
45421,41,2,4.9
45429,16,0,0
45430,10,0,0
45431,29,0,0
45441,56,0,0
45442,40,1,2.5
45443,14,0,0
46201,776,93,12
46203,146,2,1.4
46204,73,1,1.4
46206,77,0,0
46208,251,9,3.6
46210,188,10,5.3
46213,107,6,5.6
46214,142,18,12.7
46215,547,21,3.8
46216,176,5,2.8
46217,452,28,6.2
46218,829,106,12.8
46219,143,2,1.4
46220,246,13,5.3
46221,373,20,5.4
46222,109,8,7.3
46223,239,6,2.5
46224,258,11,4.3
46225,295,32,10.8
46303,4,0,0
46304,13,1,7.7
46392,129,1,0.8
46404,55,0,0
46452,124,13,10.5
46468,142,8,5.6
46482,106,25,23.6
46490,88,5,5.7
46491,117,4,3.4
46492,131,9,6.9
46501,67,1,0
46502,66,0,0
46505,26,2,7.7
46523,10,1,10
46524,14,1,7.1
46525,64,7,10.9
46527,20,1,5
46529,37,0,0
46530,29,7,24.1
46531,14,0,0
46532,26,5,19.2
46533,21,0,0
46534,21,0,0
46535,9,0,0
47201,151,21,13.9
47205,23,8,34.8
47207,41,1,2.4
47208,41,7,17.1
47209,55,4,7.3
47210,71,12,16.9
47211,37,13,35.1
47212,48,2,4.2
47213,63,12,19
47214,77,6,7.8
47215,71,8,11.3
47301,20,2,10
47302,16,2,12.5
47303,6,2,33.3
47306,19,5,26.3
47308,15,2,13.3
47311,16,1,6.3
47313,6,0,0
47314,5,0,0
47315,8,0,0
47324,24,2,8.3
47325,6,1,16.7
47326,11,3,27.3
47327,14,3,21.4
47328,21,7,33.3
47329,32,4,12.5
47348,13,1,7.7
47350,20,5,25
47353,2,0,0
47354,0,0,
47355,0,0,
47356,0,0,
47357,0,0,
47358,3,1,33.3
47359,5,0,0
47360,5,0,0
47361,31,2,6.5
47362,34,2,5.9
47375,9,0,0
47381,21,1,4.8
47382,5,0,0
