1100,1007,173,17.2
1202,308,68,22.1
1203,277,53,19.1
1204,286,40,14
1205,184,41,22.3
1206,226,47,20.8
1207,128,12,9.4
1208,182,16,8.8
1209,18,0,0
1210,186,34,18.3
1211,66,4,6.1
1212,67,15,22.4
1213,175,40,22.9
1214,102,25,24.5
1215,62,7,11.3
1216,33,3,9.1
1217,145,21,14.5
1218,17,1,5.9
1219,61,2,3.3
1220,79,13,16.5
1221,190,56,29.5
1222,41,0,0
1223,80,6,7.5
1224,189,30,15.9
1225,59,16,27.1
1226,38,1,2.6
1227,42,8,19
1228,77,17,22.1
1229,54,10,18.5
1230,94,8,8.5
1231,101,16,15.8
1233,47,4,8.5
1234,90,12,13.3
1235,97,8,8.2
1236,37,4,10.8
1303,42,2,4.8
1304,14,1,7.1
1331,23,3,13
1332,10,0,0
1333,7,1,14.3
1334,13,0,0
1337,24,4,16.7
1343,14,1,7.1
1345,47,2,4.3
1346,56,7,12.5
1347,18,1,5.6
1361,15,3,20
1362,13,1,7.7
1363,11,4,36.4
1364,19,2,10.5
1367,19,2,10.5
1370,16,1,6.3
1371,16,3,18.8
1391,9,1,11.1
1392,21,2,9.5
1393,10,0,0
1394,10,1,10
1395,0,0,0
1396,10,0,0
1397,10,0,0
1398,9,0,0
1399,13,2,15.4
1400,48,8,16.7
1401,12,1,8.3
1402,33,4,12.1
1403,13,2,15.4
1404,9,0,0
1405,12,3,25
1406,11,2,18.2
1407,13,1,7.7
1408,25,1,4
1409,8,1,12.5
1423,13,2,15.4
1424,41,12,29.3
1425,12,4,33.3
1427,13,2,15.4
1428,17,3,17.6
1429,20,3,15
1430,10,2,20
1431,7,2,28.6
1432,20,0,0
1433,9,0,0
1434,11,1,9.1
1436,8,1,12.5
1437,12,3,25
1438,12,1,8.3
1452,13,0,0
1453,18,1,5.6
1454,16,1,6.3
1455,11,0,0
1456,10,2,20
1457,0,0,0
1458,43,10,23.3
1459,31,6,19.4
1460,16,1,6.3
1461,32,6,18.8
1462,11,2,18.2
1463,11,2,18.2
1464,14,3,21.4
1465,15,4,26.7
1468,18,3,16.7
1469,10,0,0
1470,5,1,20
1471,6,1,16.7
1472,5,0,0
1481,18,0,0
1482,14,1,7.1
1483,19,0,0
1484,15,0,0
1485,8,1,12.5
1486,9,0,0
1487,19,4,21.1
1511,13,0,0
1512,16,0,0
1513,18,1,5.6
1514,30,6,20
1516,17,1,5.9
1517,14,1,7.1
1518,11,1,9.1
1519,14,1,7.1
1520,8,0,0
1543,61,7,11.5
1544,18,6,33.3
1545,36,9,25
1546,13,2,15.4
1547,17,3,17.6
1549,19,3,15.8
1550,11,0,0
1552,15,3,20
1555,32,1,3.1
1559,25,2,8
1560,16,2,12.5
1561,16,1,6.3
1562,7,0,0
1563,22,2,9.1
1564,23,1,4.3
1571,13,2,15.4
1575,10,0,0
1578,25,3,12
1581,19,2,10.5
1584,22,2,9.1
1585,22,0,0
1586,18,1,5.6
1601,30,4,13.3
1602,18,1,5.6
1604,18,1,5.6
1607,33,2,6.1
1608,15,0,0
1609,15,1,6.7
1610,34,5,14.7
1631,46,3,6.5
1632,20,3,15
1633,16,1,6.3
1634,22,1,4.5
1635,12,0,0
1636,18,2,11.1
1637,21,2,9.5
1638,25,4,16
1639,14,0,0
1641,22,3,13.6
1642,16,1,6.3
1643,43,9,20.9
1644,25,1,4
1645,9,1,11.1
1646,25,2,8
1647,10,1,10
1648,11,0,0
1649,16,1,6.3
1661,27,2,7.4
1662,22,2,9.1
1663,22,2,9.1
1664,22,2,9.1
1665,19,0,0
1667,12,1,8.3
1668,23,2,8.7
1691,53,8,15.1
1692,84,21,25
1693,32,2,6.3
1694,16,3,18.8
2201,234,41,17.5
2202,95,8,8.4
2203,255,54,21.2
2204,64,12,18.8
2205,59,6,10.2
2206,93,28,30.1
2207,117,26,22.2
2208,115,27,23.5
2209,59,3,5.1
2210,33,3,9.1
2301,36,7,19.4
2303,7,0,0
2304,9,2,22.2
2307,13,3,23.1
2321,10,0,0
2323,19,1,5.3
2343,9,1,11.1
2361,16,1,6.3
2362,16,5,31.3
2367,11,1,9.1
2381,18,2,11.1
2384,11,1,9.1
2387,14,3,21.4
2401,13,2,15.4
2402,20,1,5
2405,13,1,7.7
2406,13,3,23.1
2408,18,0,0
2411,18,4,22.2
2412,27,5,18.5
2423,11,0,0
2424,28,0,0
2425,18,0,0
2426,10,1,10
2441,19,2,10.5
2442,16,1,6.3
2443,12,0,0
2445,22,2,9.1
2446,11,5,45.5
2450,12,4,33.3
3201,157,28,17.8
3202,53,2,3.8
3203,44,7,15.9
3205,77,17,22.1
3206,59,8,13.6
3207,56,11,19.6
3208,46,8,17.4
3209,128,33,25.8
3210,24,2,8.3
3211,47,8,17
3213,51,10,19.6
3214,18,3,16.7
3215,87,23,26.4
3216,48,11,22.9
3301,22,2,9.1
3302,12,2,16.7
3303,16,3,18.8
3321,30,1,3.3
3322,16,2,12.5
3366,13,3,23.1
3381,16,5,31.3
3402,14,4,28.6
3441,11,3,27.3
3461,21,4,19
3482,16,3,18.8
3483,18,0,0
3484,17,2,11.8
3485,11,0,0
3501,15,2,13.3
3503,9,1,11.1
3506,10,0,0
3507,26,3,11.5
3524,16,1,6.3
4100,1053,208,19.8
4202,166,30,18.1
4203,78,18,23.1
4205,100,31,31
4206,32,7,21.9
4207,47,10,21.3
4208,35,11,31.4
4209,57,9,15.8
4211,32,4,12.5
4212,167,48,28.7
4213,193,57,29.5
4214,36,1,2.8
4215,264,70,26.5
4216,44,13,29.5
4301,23,7,30.4
4302,17,4,23.5
4321,24,9,37.5
4322,26,4,15.4
4323,22,4,18.2
4324,22,2,9.1
4341,28,5,17.9
4361,50,13,26
4362,21,5,23.8
4401,17,2,11.8
4404,20,3,15
4406,29,3,10.3
4421,23,4,17.4
4422,14,0,0
4424,15,5,33.3
4444,13,1,7.7
4445,36,7,19.4
4501,41,24,58.5
4505,30,5,16.7
4581,11,2,18.2
4606,32,13,40.6
5201,226,42,18.6
5202,58,10,17.2
5203,142,35,24.6
5204,69,15,21.7
5206,43,10,23.3
5207,46,4,8.7
5209,46,12,26.1
5210,96,8,8.3
5211,32,9,28.1
5212,155,45,29
5213,47,7,14.9
5214,52,16,30.8
5215,132,36,27.3
5303,7,1,14.3
5327,7,3,42.9
5346,9,2,22.2
5348,16,3,18.8
5349,20,3,15
5361,17,3,17.6
5363,8,0,0
5366,7,0,0
5368,9,2,22.2
5434,19,4,21.1
5463,28,13,46.4
5464,9,0,0
6201,206,45,21.8
6202,55,11,20
6203,160,50,31.3
6204,62,15,24.2
6205,22,4,18.2
6206,38,10,26.3
6207,21,2,9.5
6208,25,6,24
6209,33,11,33.3
6210,48,7,14.6
6211,32,4,12.5
6212,21,2,9.5
6213,22,6,27.3
6301,13,3,23.1
6302,8,2,25
6321,19,4,21.1
6322,20,4,20
6323,15,2,13.3
6324,12,1,8.3
6341,8,0,0
6361,13,3,23.1
6362,21,6,28.6
6363,10,0,0
6364,16,2,12.5
6365,14,4,28.6
6366,10,2,20
6367,12,3,25
6381,18,2,11.1
6382,15,2,13.3
6401,16,3,18.8
6402,18,3,16.7
6403,12,4,33.3
6426,9,1,11.1
6428,14,3,21.4
6461,8,1,12.5
7201,173,22,12.7
7202,88,13,14.8
7203,136,25,18.4
7204,434,51,11.8
7205,103,26,25.2
7207,85,7,8.2
7208,58,8,13.8
7209,45,5,11.1
7210,68,13,19.1
7211,27,2,7.4
7212,134,28,20.9
7213,65,11,16.9
7214,57,20,35.1
7301,10,1,10
7303,20,3,15
7308,13,3,23.1
7322,17,3,17.6
7342,24,5,20.8
7344,11,2,18.2
7362,14,4,28.6
7364,8,0,0
7367,15,3,20
7368,27,1,3.7
7402,8,1,12.5
7405,14,1,7.1
7407,8,0,0
7408,17,3,17.6
7421,14,3,21.4
7422,7,1,14.3
7423,10,2,20
7444,8,0,0
7445,9,0,0
7446,7,1,14.3
7447,12,2,16.7
7461,21,5,23.8
7464,7,0,0
7465,11,5,45.5
7466,14,0,0
7481,11,1,9.1
7482,6,1,16.7
7483,15,1,6.7
7484,5,1,20
7501,20,3,15
7502,9,1,11.1
7503,11,2,18.2
7504,10,4,40
7505,8,2,25
7521,18,6,33.3
7522,11,0,0
7541,12,1,8.3
7542,13,2,15.4
7543,18,2,11.1
7544,7,0,0
7545,37,5,13.5
7546,22,0,0
7547,20,2,10
7548,6,1,16.7
7561,11,1,9.1
7564,10,1,10
8201,219,25,11.4
8202,251,31,12.4
8203,77,8,10.4
8204,86,17,19.8
8205,92,2,2.2
8207,43,8,18.6
8208,55,4,7.3
8210,39,4,10.3
8211,45,6,13.3
8212,64,8,12.5
8214,41,7,17.1
8215,59,13,22
8216,67,10,14.9
8217,84,9,10.7
8219,53,11,20.8
8220,162,21,13
8221,85,12,14.1
8222,80,29,36.3
8223,24,5,20.8
8224,47,9,19.1
8225,50,3,6
8226,45,5,11.1
8227,92,16,17.4
8228,46,8,17.4
8229,43,6,14
8230,48,2,4.2
8231,51,12,23.5
8232,82,17,20.7
8233,37,1,2.7
8234,50,9,18
8235,38,2,5.3
8236,58,11,19
8302,35,3,8.6
8309,22,1,4.5
8310,20,3,15
8341,41,4,9.8
8364,16,3,18.8
8442,24,9,37.5
8443,48,7,14.6
8447,14,1,7.1
8521,30,4,13.3
8542,10,1,10
8546,47,6,12.8
8564,19,1,5.3
9201,250,35,14
9202,70,8,11.4
9203,106,14,13.2
9204,86,12,14
9205,86,20,23.3
9206,71,3,4.2
9208,78,14,17.9
9209,46,7,15.2
9210,40,6,15
9211,26,11,42.3
9213,65,7,10.8
9214,83,20,24.1
9215,40,7,17.5
9216,39,4,10.3
9301,16,3,18.8
9342,17,4,23.5
9343,12,3,25
9344,12,3,25
9345,16,4,25
9361,53,12,22.6
9364,17,4,23.5
9384,25,8,32
9386,18,1,5.6
9407,43,13,30.2
9411,17,6,35.3
10201,203,30,14.8
10202,162,21,13
10203,84,13,15.5
10204,189,31,16.4
10205,148,15,10.1
10206,39,6,15.4
10207,50,8,16
10208,77,18,23.4
10209,64,7,10.9
10210,60,7,11.7
10211,50,8,16
10212,49,8,16.3
10344,13,2,15.4
10345,30,7,23.3
10366,6,0,0
10367,5,1,20
10382,11,1,9.1
10383,12,5,41.7
10384,11,0,0
10421,21,5,23.8
10424,14,0,0
10425,12,2,16.7
10426,18,1,5.6
10428,12,1,8.3
10429,16,2,12.5
10443,9,1,11.1
10444,8,1,12.5
10448,21,7,33.3
10449,14,2,14.3
10464,14,3,21.4
10521,11,2,18.2
10522,13,1,7.7
10523,10,1,10
10524,38,5,13.2
10525,16,2,12.5
11100,897,200,22.3
11201,149,20,13.4
11202,114,10,8.8
11203,372,64,17.2
11206,79,4,5.1
11207,142,38,26.8
11208,187,32,17.1
11209,72,11,15.3
11210,72,14,19.4
11211,61,6,9.8
11212,108,17,15.7
11214,204,30,14.7
11215,91,18,19.8
11216,49,6,12.2
11217,97,18,18.6
11218,86,6,7
11219,206,38,18.4
11221,182,29,15.9
11222,269,44,16.4
11223,73,8,11
11224,110,17,15.5
11225,97,13,13.4
11227,79,10,12.7
11228,72,17,23.6
11229,65,11,16.9
11230,83,20,24.1
11231,64,12,18.8
11232,116,22,19
11233,39,3,7.7
11234,80,11,13.8
11235,64,6,9.4
11237,108,18,16.7
11238,74,21,28.4
11239,76,12,15.8
11240,38,4,10.5
11241,46,5,10.9
11242,41,2,4.9
11243,45,5,11.1
11245,65,11,16.9
11246,35,2,5.7
11301,41,8,19.5
11324,27,5,18.5
11326,21,1,4.8
11327,13,3,23.1
11341,13,1,7.7
11342,17,3,17.6
11343,18,2,11.1
11346,13,1,7.7
11347,19,3,15.8
11348,12,0,0
11349,12,1,8.3
11361,19,6,31.6
11362,11,2,18.2
11363,10,2,20
11365,20,1,5
11369,8,1,12.5
11381,12,3,25
11383,16,1,6.3
11385,18,1,5.6
11408,21,4,19
11442,14,1,7.1
11464,25,1,4
11465,16,1,6.3
12100,454,58,12.8
12202,27,3,11.1
12203,229,30,13.1
12204,186,18,9.7
12205,38,1,2.6
12206,95,22,23.2
12207,336,67,19.9
12208,102,8,7.8
12210,54,8,14.8
12211,96,11,11.5
12212,82,14,17.1
12213,48,4,8.3
12215,26,1,3.8
12216,202,45,22.3
12217,255,45,17.6
12218,18,2,11.1
12219,134,16,11.9
12220,87,11,12.6
12221,122,17,13.9
12222,91,19,20.9
12223,33,3,9.1
12224,89,27,30.3
12225,100,13,13
12226,53,5,9.4
12227,128,26,20.3
12228,75,5,6.7
12229,63,4,6.3
12230,39,7,17.9
12231,60,7,11.7
12232,43,7,16.3
12233,40,1,2.5
12234,40,2,5
12235,41,5,12.2
12236,43,8,18.6
12237,45,4,8.9
12238,25,2,8
12239,35,2,5.7
12322,23,5,21.7
12329,28,5,17.9
12342,10,1,10
12347,37,11,29.7
12349,12,2,16.7
12403,15,1,6.7
12409,14,0,0
12410,23,1,4.3
12421,15,3,20
12422,9,1,11.1
12423,14,1,7.1
12424,20,3,15
12426,11,2,18.2
12427,14,1,7.1
12441,12,1,8.3
12443,11,2,18.2
12463,8,2,25
13101,77,17,22.1
13102,75,13,17.3
13103,102,19,18.6
13104,112,20,17.9
13105,88,9,10.2
13106,86,22,25.6
13107,86,10,11.6
13108,120,17,14.2
13109,96,18,18.8
13110,85,21,24.7
13111,174,27,15.5
13112,196,36,18.4
13113,96,25,26
13114,98,18,18.4
13115,120,28,23.3
13116,102,22,21.6
13117,96,19,19.8
13118,80,12,15
13119,98,14,14.3
13120,110,20,18.2
13121,147,18,12.2
13122,116,22,19
13123,100,22,22
13201,180,24,13.3
13202,86,14,16.3
13203,90,12,13.3
13204,99,21,21.2
13205,75,5,6.7
13206,88,8,9.1
13207,77,25,32.5
13208,115,18,15.7
13209,269,57,21.2
13210,65,13,20
13211,73,8,11
13212,139,31,22.3
13213,86,11,12.8
13214,73,18,24.7
13215,63,8,12.7
13218,58,10,17.2
13219,53,3,5.7
13220,58,8,13.8
13221,50,8,16
13222,47,4,8.5
13223,62,6,9.7
13224,79,16,20.3
13225,123,33,26.8
13227,58,7,12.1
13228,62,8,12.9
13229,79,16,20.3
13303,37,3,8.1
13305,24,2,8.3
13307,11,3,27.3
13308,15,0,0
13361,14,2,14.3
13362,7,0,0
13363,13,2,15.4
13364,9,0,0
13381,12,1,8.3
13382,2,0,0
13401,12,1,8.3
13402,0,0,0
13421,10,0,0
14100,1672,341,20.4
14130,1173,223,19
14150,492,115,23.4
14201,196,24,12.2
14203,347,66,19
14204,122,13,10.7
14205,343,58,16.9
14206,148,14,9.5
14207,185,47,25.4
14208,63,11,17.5
14210,75,11,14.7
14211,132,23,17.4
14212,179,29,16.2
14213,139,20,14.4
14214,116,23,19.8
14215,109,19,17.4
14216,81,17,21
14217,49,13,26.5
14218,67,12,17.9
14301,33,3,9.1
14321,45,7,15.6
14341,46,7,15.2
14342,36,4,11.1
14361,14,2,14.3
14362,15,1,6.7
14363,13,4,30.8
14364,19,4,21.1
14366,16,2,12.5
14382,32,3,9.4
14383,13,1,7.7
14384,35,2,5.7
14401,45,3,6.7
14402,19,3,15.8
15100,306,63,20.6
15202,138,22,15.9
15204,41,1,2.4
15205,56,5,8.9
15206,52,11,21.2
15208,19,4,21.1
15209,22,4,18.2
15210,63,5,7.9
15211,28,5,17.9
15212,41,5,12.2
15213,47,8,17
15216,30,4,13.3
15217,20,2,10
15218,24,3,12.5
15222,153,27,17.6
15223,28,4,14.3
15224,55,4,7.3
15225,44,7,15.9
15226,104,25,24
15227,18,1,5.6
15307,23,3,13
15342,18,4,22.2
15361,9,0,0
15385,15,3,20
15405,9,1,11.1
15461,20,4,20
15482,17,1,5.9
15504,7,0,0
15581,11,2,18.2
15586,4,0,0
16201,638,129,20.2
16202,240,79,32.9
16204,33,7,21.2
16205,53,8,15.1
16206,35,8,22.9
16207,118,45,38.1
16208,202,78,38.6
16209,28,6,21.4
16210,178,71,39.9
16211,121,24,19.8
16321,3,0,0
16322,33,9,27.3
16323,16,5,31.3
16342,15,2,13.3
16343,40,7,17.5
17201,270,46,17
17202,117,29,24.8
17203,148,37,25
17204,0,0,0
17205,24,5,20.8
17206,174,62,35.6
17207,26,7,26.9
17209,34,4,11.8
17210,104,34,32.7
17211,53,13,24.5
17212,40,14,35
17324,11,3,27.3
17361,46,7,15.2
17365,30,7,23.3
17384,46,4,8.7
17386,17,3,17.6
17407,24,9,37.5
17461,17,8,47.1
17463,17,3,17.6
18201,283,59,20.8
18202,141,31,22
18204,33,4,12.1
18205,34,7,20.6
18206,21,5,23.8
18207,120,55,45.8
18208,39,12,30.8
18209,72,20,27.8
18210,66,16,24.2
18322,41,15,36.6
18382,6,1,16.7
18404,24,7,29.2
18423,28,2,7.1
18442,28,7,25
18481,13,0,0
18483,17,1,5.9
18501,16,1,6.3
19201,193,22,11.4
19202,79,20,25.3
19204,29,6,20.7
19205,27,1,3.7
19206,26,3,11.5
19207,23,2,8.7
19208,82,17,20.7
19209,116,22,19
19210,57,15,26.3
19211,60,8,13.3
19212,20,1,5
19213,21,3,14.3
19214,28,7,25
19346,19,3,15.8
19364,7,1,14.3
19365,20,1,5
19366,28,3,10.7
19368,19,4,21.1
19384,17,4,23.5
19422,7,2,28.6
19423,7,0,0
19424,12,4,33.3
19425,10,1,10
19429,8,1,12.5
19430,20,2,10
19442,4,0,0
19443,6,0,0
20201,252,16,6.3
20202,158,46,29.1
20203,114,16,14
20204,52,7,13.5
20205,99,14,14.1
20206,39,7,17.9
20207,46,9,19.6
20208,28,5,17.9
20209,60,5,8.3
20210,29,1,3.4
20211,35,3,8.6
20212,30,4,13.3
20213,27,2,7.4
20214,41,5,12.2
20215,63,16,25.4
20217,97,13,13.4
20218,83,15,18.1
20219,35,5,14.3
20220,57,11,19.3
20303,8,1,12.5
20304,14,0,0
20305,10,1,10
20306,4,1,25
20307,4,0,0
20309,13,1,7.7
20321,24,2,8.3
20323,13,1,7.7
20324,8,2,25
20349,9,1,11.1
20350,9,0,0
20361,9,1,11.1
20362,22,3,13.6
20363,10,0,0
20382,18,5,27.8
20383,20,4,20
20384,11,3,27.3
20385,15,7,46.7
20386,9,2,22.2
20388,12,3,25
20402,9,2,22.2
20403,8,2,25
20404,7,1,14.3
20407,10,1,10
20409,3,0,0
20410,4,0,0
20411,5,0,0
20412,3,1,33.3
20413,8,0,0
20414,3,0,0
20415,9,0,0
20416,8,2,25
20417,5,0,0
20422,8,0,0
20423,10,2,20
20425,7,0,0
20429,6,1,16.7
20430,8,0,0
20432,10,1,10
20446,0,7,0
20448,8,1,12.5
20450,10,1,10
20451,7,1,14.3
20452,8,1,12.5
20481,9,1,11.1
20482,11,0,0
20485,12,2,16.7
20486,7,1,14.3
20521,13,4,30.8
20541,10,0,0
20543,7,0,0
20561,13,2,15.4
20562,8,1,12.5
20563,5,0,0
20583,13,4,30.8
20588,4,0,0
20590,11,0,0
20602,9,1,11.1
21201,312,43,13.8
21202,245,44,18
21203,109,15,13.8
21204,62,10,16.1
21205,64,15,23.4
21206,185,54,29.2
21207,31,4,12.9
21208,43,8,18.6
21209,111,21,18.9
21210,91,9,9.9
21211,43,6,14
21212,59,8,13.6
21213,140,21,15
21214,55,3,5.5
21215,32,8,25
21216,40,8,20
21217,78,6,7.7
21218,36,5,13.9
21219,117,28,23.9
21220,94,15,16
21221,50,5,10
21302,35,6,17.1
21303,28,7,25
21341,41,13,31.7
21361,17,2,11.8
21362,15,1,6.7
21381,19,8,42.1
21382,15,3,20
21383,18,5,27.8
21401,51,9,17.6
21403,24,4,16.7
21404,36,10,27.8
21421,23,5,21.7
21501,9,0,0
21502,9,1,11.1
21503,15,2,13.3
21504,11,0,0
21505,13,0,0
21506,15,1,6.7
21507,14,3,21.4
21521,21,0,0
21604,9,1,11.1
22100,457,69,15.1
22130,269,27,10
22203,100,15,15
22205,42,6,14.3
22206,80,16,20
22207,109,16,14.7
22208,43,5,11.6
22209,137,35,25.5
22210,208,48,23.1
22211,90,16,17.8
22212,150,25,16.7
22213,62,9,14.5
22214,154,30,19.5
22215,86,13,15.1
22216,67,11,16.4
22219,21,2,9.5
22220,68,7,10.3
22221,55,5,9.1
22222,36,2,5.6
22223,70,18,25.7
22224,79,25,31.6
22225,46,7,15.2
22226,58,11,19
22301,14,1,7.1
22302,13,3,23.1
22304,13,2,15.4
22305,9,0,0
22306,14,3,21.4
22325,25,7,28
22341,18,1,5.6
22342,24,1,4.2
22344,39,3,7.7
22424,19,7,36.8
22429,15,1,6.7
22461,26,5,19.2
23100,1222,178,14.6
23201,309,55,17.8
23202,168,29,17.3
23203,480,129,26.9
23204,104,16,15.4
23205,108,25,23.1
23206,224,43,19.2
23207,191,24,12.6
23208,106,35,33
23209,100,17,17
23210,67,4,6
23211,232,23,9.9
23212,87,6,6.9
23213,132,20,15.2
23214,154,30,19.5
23215,51,10,19.6
23216,91,24,26.4
23217,46,5,10.9
23219,202,34,16.8
23220,117,20,17.1
23221,135,46,34.1
23222,82,18,22
23223,67,12,17.9
23224,56,21,37.5
23225,41,4,9.8
23226,81,17,21
23227,36,5,13.9
23228,31,6,19.4
23229,39,10,25.6
23230,84,28,33.3
23231,78,15,19.2
23232,55,6,10.9
23233,46,4,8.7
23234,73,28,38.4
23235,35,5,14.3
23236,82,22,26.8
23237,93,19,20.4
23238,62,18,29
23302,46,15,32.6
23342,30,7,23.3
23361,31,9,29
23362,56,18,32.1
23424,28,1,3.6
23425,36,7,19.4
23427,17,5,29.4
23441,20,3,15
23442,39,7,17.9
23445,19,1,5.3
23446,36,13,36.1
23447,30,10,33.3
23501,60,14,23.3
23561,12,1,8.3
23562,14,3,21.4
23563,7,0,0
24201,286,47,16.4
24202,393,73,18.6
24203,148,22,14.9
24204,170,44,25.9
24205,150,36,24
24207,264,58,22
24208,167,58,34.7
24209,35,5,14.3
24210,89,33,37.1
24211,26,4,15.4
24212,27,2,7.4
24214,72,17,23.6
24215,81,13,16
24216,189,56,29.6
24303,12,3,25
24324,33,8,24.2
24341,31,4,12.9
24343,21,2,9.5
24344,20,3,15
24441,14,1,7.1
24442,16,1,6.3
24443,28,7,25
24461,22,6,27.3
24470,14,4,28.6
24471,20,4,20
24472,27,9,33.3
24543,22,2,9.1
24561,19,2,10.5
24562,24,5,20.8
25201,184,16,8.7
25202,206,50,24.3
25203,173,55,31.8
25204,178,55,30.9
25206,128,28,21.9
25207,86,29,33.7
25208,65,16,24.6
25209,107,28,26.2
25210,98,34,34.7
25211,56,17,30.4
25212,93,19,20.4
25213,162,47,29
25214,49,8,16.3
25383,30,5,16.7
25384,31,10,32.3
25425,37,17,45.9
25441,12,4,33.3
25442,18,5,27.8
25443,14,4,28.6
26100,1171,172,14.7
26201,169,50,29.6
26202,131,25,19.1
26203,73,20,27.4
26204,112,13,11.6
26205,46,7,15.2
26206,150,51,34
26207,80,13,16.3
26208,68,21,30.9
26209,108,37,34.3
26210,108,20,18.5
26211,107,27,25.2
26212,135,32,23.7
26213,67,27,40.3
26214,90,25,27.8
26303,24,7,29.2
26322,34,9,26.5
26343,24,7,29.2
26344,17,4,23.5
26364,11,6,54.5
26365,17,4,23.5
26366,49,9,18.4
26367,9,1,11.1
26407,36,10,27.8
26463,7,0,0
26465,43,10,23.3
27100,1379,269,19.5
27140,592,127,21.5
27202,177,39,22
27203,329,82,24.9
27204,105,13,12.4
27205,321,70,21.8
27206,106,25,23.6
27207,167,20,12
27208,138,32,23.2
27209,60,6,10
27210,281,63,22.4
27211,142,21,14.8
27212,268,47,17.5
27213,122,16,13.1
27214,94,18,19.1
27215,117,16,13.7
27216,76,12,15.8
27217,102,10,9.8
27218,86,14,16.3
27219,153,39,25.5
27220,143,38,26.6
27221,142,29,20.4
27222,97,28,28.9
27223,84,17,20.2
27224,77,7,9.1
27225,57,6,10.5
27226,74,21,28.4
27227,420,66,15.7
27228,77,14,18.2
27229,62,15,24.2
27230,93,17,18.3
27231,77,17,22.1
27232,48,6,12.5
27301,45,3,6.7
27321,39,9,23.1
27322,18,1,5.6
27341,22,6,27.3
27361,59,14,23.7
27362,29,3,10.3
27366,44,9,20.5
27381,22,4,18.2
27382,29,7,24.1
27383,18,3,16.7
28100,1033,228,22.1
28201,306,45,14.7
28202,286,44,15.4
28203,330,75,22.7
28204,365,53,14.5
28205,56,8,14.3
28206,104,37,35.6
28207,311,84,27
28208,42,9,21.4
28209,144,22,15.3
28210,156,12,7.7
28212,145,43,29.7
28213,104,29,27.9
28214,308,73,23.7
28215,95,24,25.3
28216,169,43,25.4
28217,152,29,19.1
28218,73,8,11
28219,282,72,25.5
28220,114,38,33.3
28221,86,22,25.6
28222,68,14,20.6
28223,69,7,10.1
28224,71,24,33.8
28225,98,29,29.6
28226,79,20,25.3
28227,93,25,26.9
28228,73,31,42.5
28229,178,45,25.3
28301,26,3,11.5
28365,24,3,12.5
28381,35,7,20
28382,31,5,16.1
28442,14,3,21.4
28443,25,7,28
28446,33,12,36.4
28464,21,7,33.3
28481,17,2,11.8
28501,57,16,28.1
28585,35,4,11.4
28586,44,14,31.8
29201,218,72,33
29202,137,25,18.2
29203,66,6,9.1
29204,75,29,38.7
29205,131,31,23.7
29206,51,6,11.8
29207,57,8,14
29208,67,19,28.4
29209,97,27,27.8
29210,70,28,40
29211,58,11,19
29212,143,45,31.5
29322,9,0,0
29342,21,5,23.8
29343,28,2,7.1
29344,21,3,14.3
29345,14,1,7.1
29361,15,3,20
29362,21,5,23.8
29363,37,9,24.3
29385,8,0,0
29386,11,1,9.1
29401,10,2,20
29402,11,3,27.3
29424,24,7,29.2
29425,35,8,22.9
29426,41,13,31.7
29427,22,3,13.6
29441,17,2,11.8
29442,22,3,13.6
29443,11,1,9.1
29444,8,1,12.5
29446,8,1,12.5
29447,6,2,33.3
29449,15,1,6.7
29450,8,0,0
29451,5,0,0
29452,8,0,0
29453,6,2,33.3
30201,169,22,13
30202,88,24,27.3
30203,80,15,18.8
30204,56,14,25
30205,41,8,19.5
30206,149,21,14.1
30207,72,15,20.8
30208,76,21,27.6
30209,39,11,28.2
30304,16,1,6.3
30341,25,3,12
30343,17,1,5.9
30344,19,7,36.8
30361,12,2,16.7
30362,14,3,21.4
30366,30,9,30
30381,17,5,29.4
30382,11,2,18.2
30383,13,3,23.1
30390,8,1,12.5
30391,16,1,6.3
30392,26,7,26.9
30401,14,0,0
30404,11,4,36.4
30406,21,3,14.3
30421,20,2,10
30422,5,0,0
30424,11,2,18.2
30427,7,1,14.3
30428,17,3,17.6
31201,126,27,21.4
31202,92,23,25
31203,44,10,22.7
31204,35,3,8.6
31302,28,13,46.4
31325,17,4,23.5
31328,19,8,42.1
31329,31,11,35.5
31364,17,3,17.6
31370,31,12,38.7
31371,26,14,53.8
31372,22,9,40.9
31384,11,2,18.2
31386,31,11,35.5
31389,19,6,31.6
31390,35,12,34.3
31401,17,5,29.4
31402,9,3,33.3
31403,16,2,12.5
32201,202,52,25.7
32202,88,18,20.5
32203,179,44,24.6
32204,62,12,19.4
32205,100,28,28
32206,83,22,26.5
32207,35,8,22.9
32209,125,31,24.8
32343,41,11,26.8
32386,17,6,35.3
32441,12,3,25
32448,13,2,15.4
32449,18,2,11.1
32501,12,1,8.3
32505,11,3,27.3
32525,14,1,7.1
32526,9,0,0
32527,6,1,16.7
32528,26,2,7.7
33100,398,75,18.8
33202,440,50,11.4
33203,121,20,16.5
33204,72,10,13.9
33205,58,6,10.3
33207,61,5,8.2
33208,83,13,15.7
33209,86,18,20.9
33210,74,17,23
33211,81,20,24.7
33212,64,13,20.3
33213,47,10,21.3
33214,112,39,34.8
33215,57,11,19.3
33216,37,4,10.8
33346,30,4,13.3
33423,15,1,6.7
33445,15,1,6.7
33461,16,4,25
33586,4,1,25
33606,31,2,6.5
33622,14,3,21.4
33623,12,4,33.3
33643,6,2,33.3
33663,11,2,18.2
33666,23,7,30.4
33681,18,4,22.2
34100,640,112,17.5
34202,233,29,12.4
34203,28,7,25
34204,90,24,26.7
34205,134,35,26.1
34207,334,67,20.1
34208,64,14,21.9
34209,69,20,29
34210,55,9,16.4
34211,58,9,15.5
34212,201,50,24.9
34213,158,43,27.2
34214,49,11,22.4
34215,48,12,25
34302,41,8,19.5
34304,38,13,34.2
34307,30,6,20
34309,18,3,16.7
34368,24,6,25
34369,27,5,18.5
34431,14,4,28.6
34462,17,4,23.5
34545,23,7,30.4
35201,243,33,13.6
35202,137,37,27
35203,186,24,12.9
35204,136,25,18.4
35206,101,22,21.8
35207,52,11,21.2
35208,127,21,16.5
35210,126,36,28.6
35211,62,6,9.7
35212,43,5,11.6
35213,68,12,17.6
35215,129,10,7.8
35216,76,18,23.7
35305,30,6,20
35321,7,0,0
35341,9,2,22.2
35343,13,1,7.7
35344,14,2,14.3
35502,12,2,16.7
36201,149,20,13.4
36202,80,17,21.3
36203,60,11,18.3
36204,81,15,18.5
36205,64,16,25
36206,53,11,20.8
36207,76,19,25
36208,57,22,38.6
36301,12,4,33.3
36302,17,7,41.2
36321,9,1,11.1
36341,30,14,46.7
36342,12,5,41.7
36368,26,2,7.7
36383,0,0,0
36387,20,4,20
36388,26,5,19.2
36401,24,14,58.3
36402,17,7,41.2
36403,24,14,58.3
36404,17,6,35.3
36405,31,8,25.8
36468,64,17,26.6
36489,23,10,43.5
37201,223,33,14.8
37202,61,11,18
37203,85,11,12.9
37204,44,11,25
37205,45,4,8.9
37206,68,17,25
37207,30,10,33.3
37208,58,12,20.7
37322,12,2,16.7
37324,20,4,20
37341,20,4,20
37364,12,3,25
37386,13,3,23.1
37387,24,5,20.8
37403,16,2,12.5
37404,18,3,16.7
37406,17,1,5.9
38201,230,23,10
38202,111,3,2.7
38203,101,17,16.8
38204,32,4,12.5
38205,88,11,12.5
38206,91,4,4.4
38207,65,3,4.6
38210,31,6,19.4
38213,68,9,13.2
38214,66,11,16.7
38215,39,12,30.8
38356,20,1,5
38386,19,1,5.3
38401,22,2,9.1
38402,16,1,6.3
38422,30,6,20
38442,16,1,6.3
38484,13,1,7.7
38488,17,4,23.5
38506,45,14,31.1
39201,186,34,18.3
39202,21,5,23.8
39203,23,8,34.8
39204,32,4,12.5
39205,26,5,19.2
39206,24,3,12.5
39208,20,3,15
39209,20,2,10
39210,28,4,14.3
39211,36,10,27.8
39212,30,10,33.3
39301,8,2,25
39302,9,2,22.2
39303,8,1,12.5
39304,8,3,37.5
39305,8,0,0
39306,6,2,33.3
39307,7,1,14.3
39341,8,1,12.5
39344,8,3,37.5
39363,9,3,33.3
39364,5,2,40
39386,25,4,16
39387,12,2,16.7
39401,11,3,27.3
39402,11,4,36.4
39403,12,2,16.7
39405,11,4,36.4
39410,10,4,40
39411,17,4,23.5
39412,23,4,17.4
39424,14,4,28.6
39427,7,0,0
39428,15,2,13.3
40100,665,114,17.1
40130,731,142,19.4
40202,103,13,12.6
40203,259,47,18.1
40204,43,5,11.6
40205,80,9,11.3
40206,43,5,11.6
40207,53,6,11.3
40210,47,12,25.5
40211,39,10,25.6
40212,27,3,11.1
40213,60,7,11.7
40214,22,3,13.6
40215,51,4,7.8
40216,47,12,25.5
40217,51,14,27.5
40218,51,15,29.4
40219,65,12,18.5
40220,74,14,18.9
40221,51,8,15.7
40223,38,8,21.1
40224,48,9,18.8
40225,21,5,23.8
40226,27,4,14.8
40227,41,11,26.8
40228,52,12,23.1
40229,38,8,21.1
40230,65,7,10.8
40231,36,8,22.2
40341,17,1,5.9
40342,0,0,0
40343,18,7,38.9
40344,18,2,11.1
40345,16,3,18.8
40348,0,0,0
40349,23,6,26.1
40381,19,3,15.8
40382,18,3,16.7
40383,19,4,21.1
40384,15,2,13.3
40401,13,3,23.1
40402,15,2,13.3
40421,15,2,13.3
40447,23,6,26.1
40448,14,3,21.4
40503,14,7,50
40522,12,3,25
40544,12,2,16.7
40601,12,2,16.7
40602,17,3,17.6
40604,15,3,20
40605,22,4,18.2
40608,13,2,15.4
40609,5,0,0
40610,18,2,11.1
40621,29,6,20.7
40625,18,1,5.6
40642,13,4,30.8
40646,12,0,0
40647,21,4,19
41201,167,35,21
41202,129,17,13.2
41203,59,6,10.2
41204,24,5,20.8
41205,44,4,9.1
41206,65,13,20
41207,33,5,15.2
41208,46,7,15.2
41209,32,9,28.1
41210,45,7,15.6
41327,18,4,22.2
41341,20,5,25
41345,12,4,33.3
41346,34,5,14.7
41387,11,3,27.3
41401,23,5,21.7
41423,11,1,9.1
41424,9,1,11.1
41425,20,2,10
41441,13,1,7.7
42201,266,38,14.3
42202,207,22,10.6
42203,42,3,7.1
42204,113,11,9.7
42205,91,18,19.8
42207,71,15,21.1
42208,35,5,14.3
42209,83,6,7.2
42210,62,10,16.1
42211,40,2,5
42212,47,5,10.6
42213,57,4,7
42214,49,3,6.1
42307,36,9,25
42308,27,6,22.2
42321,11,0,0
42322,13,4,30.8
42323,15,2,13.3
42383,10,0,0
42391,17,3,17.6
42411,31,6,19.4
43100,489,75,15.3
43202,121,14,11.6
43203,40,2,5
43204,60,21,35
43205,60,10,16.7
43206,55,2,3.6
43208,72,15,20.8
43210,60,10,16.7
43211,45,10,22.2
43212,45,8,17.8
43213,59,9,15.3
43214,30,3,10
43215,122,22,18
43216,45,6,13.3
43348,15,2,13.3
43364,12,0,0
43367,11,3,27.3
43368,15,3,20
43369,17,2,11.8
43403,39,8,20.5
43404,29,3,10.3
43423,10,2,20
43424,8,1,12.5
43425,10,1,10
43428,13,0,0
43432,11,2,18.2
43433,14,1,7.1
43441,19,4,21.1
43442,21,5,23.8
43443,22,4,18.2
43444,17,3,17.6
43447,23,4,17.4
43468,13,1,7.7
43482,16,0,0
43484,10,0,0
43501,12,1,8.3
43505,13,0,0
43506,9,0,0
43507,7,1,14.3
43510,9,2,22.2
43511,8,1,12.5
43512,10,0,0
43513,8,0,0
43514,16,2,12.5
43531,11,0,0
44201,331,63,19
44202,91,19,20.9
44203,121,17,14
44204,69,10,14.5
44205,72,4,5.6
44206,44,3,6.8
44207,24,1,4.2
44208,37,8,21.6
44209,38,1,2.6
44210,28,3,10.7
44211,57,11,19.3
44212,51,5,9.8
44213,46,11,23.9
44214,48,10,20.8
44322,0,0,0
44341,22,6,27.3
44461,18,2,11.1
44462,19,1,5.3
45201,161,27,16.8
45202,103,22,21.4
45203,107,13,12.1
45204,48,5,10.4
45205,42,7,16.7
45206,59,12,20.3
45207,25,4,16
45208,24,2,8.3
45209,30,1,3.3
45341,17,3,17.6
45361,17,3,17.6
45382,16,1,6.3
45383,12,0,0
45401,16,3,18.8
45402,21,7,33.3
45403,12,1,8.3
45404,13,1,7.7
45405,15,1,6.7
45406,18,6,33.3
45421,14,1,7.1
45429,9,1,11.1
45430,11,0,0
45431,19,3,15.8
45441,17,3,17.6
45442,12,2,16.7
45443,11,1,9.1
46201,695,128,18.4
46203,52,3,5.8
46204,36,3,8.3
46206,20,3,15
46208,104,24,23.1
46210,47,4,8.5
46213,22,3,13.6
46214,25,1,4
46215,98,11,11.2
46216,34,4,11.8
46217,28,2,7.1
46218,91,12,13.2
46219,59,10,16.9
46220,50,4,8
46221,32,3,9.4
46222,70,5,7.1
46223,29,5,17.2
46224,27,1,3.7
46225,53,5,9.4
46303,9,0,0
46304,6,0,0
46392,28,4,14.3
46404,21,1,4.8
46452,16,1,6.3
46468,15,0,0
46482,13,1,7.7
46490,16,3,18.8
46491,18,4,22.2
46492,25,2,8
46501,20,2,10
46502,32,4,12.5
46505,20,1,5
46523,11,3,27.3
46524,9,2,22.2
46525,17,0,0
46527,13,1,7.7
46529,13,1,7.7
46530,19,3,15.8
46531,16,0,0
46532,13,0,0
46533,18,4,22.2
46534,20,4,20
46535,15,3,20
47201,219,45,20.5
47205,88,23,26.1
47207,62,8,12.9
47208,98,16,16.3
47209,78,14,17.9
47210,57,9,15.8
47211,116,18,15.5
47212,57,11,19.3
47213,90,17,18.9
47214,83,10,12
47215,54,7,13
47301,12,2,16.7
47302,10,1,10
47303,9,0,0
47306,12,2,16.7
47308,14,1,7.1
47311,14,2,14.3
47313,15,2,13.3
47314,15,1,6.7
47315,15,1,6.7
47324,28,4,14.3
47325,17,3,17.6
47326,30,7,23.3
47327,14,2,14.3
47328,15,3,20
47329,26,5,19.2
47348,19,1,5.3
47350,22,5,22.7
47353,0,0,0
47354,7,1,14.3
47355,7,0,0
47356,5,0,0
47357,6,1,16.7
47358,5,0,0
47359,11,1,9.1
47360,9,1,11.1
47361,16,4,25
47362,19,3,15.8
47375,10,2,20
47381,20,3,15
47382,10,0,0
